lat,long,country,mag,month,day,year
40,25,GREECE,7,,,-330
51.45,-2.583,UK,,2,11,1764
36.08,36.25,TURKEY,,,,859
40,128,NORTH KOREA,,1,,1580
39.96,26.24,TURKEY,6,,,-1300
37.5,119.5,CHINA,,9,,-47
37,126,SOUTH KOREA,,10,21,1556
38.4,-28.1,PORTUGAL,,12,21,1641
33.1,139.8,JAPAN,,3,,1747
31.9,140,JAPAN,,1,23,1606
50.6,-2.466,UK,,9,18,1763
33.6,136,JAPAN,,,,1704
49.465,-2.585,UK,,8,14,1761
60.383,5.333,NORWAY,,5,26,1762
38.4,-27.1,PORTUGAL,,,,1653
38.5,-28.1,PORTUGAL,,11,23,1668
33.1,139.767,JAPAN,,,,1732
50.116,-5.483,UK,,11,11,1099
41.04,28.98,TURKEY,,10,26,975
38,125.7,NORTH KOREA,,8,23,1407
64,-19.683,ICELAND,,2,13,1693
54.68,-1.21,UK,,11,5,1755
28.271,-16.641,SPAIN,,5,5,1706
37.5,129.5,SOUTH KOREA,,6,26,1681
36.404,25.396,GREECE,6.3,9,29,1650
45.5,11,ITALY,,4,30,792
38.733,-27.066,PORTUGAL,,,,1676
34.8,138.6,JAPAN,,1,,1704
36.3,126,SOUTH KOREA,,9,24,1519
37.5,126,SOUTH KOREA,,8,6,1434
51.5,0.466,UK,,1,19,1609
32.5,130.6,JAPAN,,7,25,1562
51.5,0.1,UK,,9,27,1762
36.404,25.396,GREECE,6.2,,,46
51.5,-0.08,UK,,11,28,1767
51.208,-4.122,UK,,2,27,1756
35.1,129.05,EAST CHINA SEA,,7,31,1636
39.5,20,GREECE,,11,,1732
10.633,-64.3,VENEZUELA,,,,1726
38.4,22.3,GREECE,7.1,4,,551
31.7,35.5,DEAD SEA,,,,315
13.6,123.2,PHILIPPINES,,,,1747
-36.8,-73,CHILE,,3,23,1742
35.683,35.8,SYRIA,,,,-1365
-6.174,106.829,INDONESIA,,10,,1722
-5,102,INDONESIA,7,,,1770
49.5,-2.5,UK,,10,24,842
38.4,27.1,TURKEY,6.6,11,30,1667
38.4,27.3,TURKEY,6.8,2,2,1039
40.4,-8.7,PORTUGAL,,4,28,1752
38.7,-9.1,PORTUGAL,,3,29,1756
49.92,-6.32,UK,,7,15,1757
50.8,5.7,GERMANY,,4,4,1640
41.3,19.7,ALBANIA,6.5,9,,1273
33.56,35.37,LEBANON,,,,-525
33.27,35.22,LEBANON,,,,-590
37.1,138,JAPAN,7,7,10,863
10.7,-64.1,VENEZUELA,,,,1750
34.8,139,JAPAN,,2,7,1545
34.5,-13,PORTUGAL,8.5,3,31,1761
33.3,131.7,JAPAN,6.6,12,29,1715
34.4,137.7,JAPAN,6.4,7,9,1498
-6,107,INDONESIA,7.5,8,24,1757
-6.92,129.125,INDONESIA,,11,11,1659
13.1,121.6,PHILIPPINES,,7,,1653
17,121,PHILIPPINES,,,,1744
-16.6,-72.7,PERU,,3,27,1725
35.2,140.6,JAPAN,6.7,9,4,1642
40.9,28.9,TURKEY,6.8,2,12,1332
17.6,-76.5,JAMAICA,,3,1,1688
25,125.5,JAPAN,6.7,,,1667
31.5,121.5,CHINA,,6,17,1509
36.8,24.4,GREECE,6.5,7,19,1738
35.2,140.8,JAPAN,6.5,12,4,1732
16.8,-99.9,MEXICO,,2,25,1732
-17.3,-70.8,PERU,7.5,8,23,1715
34.3,134,JAPAN,6.7,12,20,1711
-4.53,129.9,INDONESIA,,3,6,1710
-3.69,128.15,INDONESIA,,11,28,1708
34,137,JAPAN,7,2,13,1708
36.5,126.5,SOUTH KOREA,6.5,9,12,1700
33.3,131.7,JAPAN,6.4,12,22,1698
-32.8,-70.7,CHILE,7.5,7,12,1687
37.5,129.5,SOUTH KOREA,,6,12,1681
13,121,PHILIPPINES,,3,,1675
-3.7,128.2,INDONESIA,6,5,6,1674
1.375,127.52,INDONESIA,,8,12,1673
40,26,GREECE,6.5,4,,1672
35.5,141,JAPAN,6.4,12,17,1670
23,120.1,TAIWAN,6,1,8,1661
-3,128,INDONESIA,,12,,1657
35.5,126,SOUTH KOREA,6.5,12,9,1649
41.04,28.98,TURKEY,,4,5,1646
35.5,129.5,SOUTH KOREA,6.5,7,25,1643
23,117,CHINA,,9,16,1640
-4.6,129.9,INDONESIA,,8,1,1629
18.4,121.6,PHILIPPINES,8,9,14,1627
32.5,130.6,JAPAN,6.4,5,1,1619
16.2,-88.5,HONDURAS,,11,24,1539
33.6,136.3,JAPAN,7,4,4,1520
34.6,135.4,JAPAN,6.7,9,21,1510
37.5,138.2,JAPAN,7,9,19,1448
34.9,139.5,JAPAN,7.1,11,7,1433
33.8,136.9,JAPAN,7,1,21,1408
33.7,136.5,JAPAN,7,12,,1403
33.7,135.2,JAPAN,7,8,15,1331
35.2,139.5,JAPAN,7,10,9,1257
39,144,JAPAN,7.5,10,9,1257
35.2,139.4,JAPAN,7,5,22,1241
34.5,33,CYPRUS,6.6,5,,1222
32.3,132,JAPAN,7.4,8,29,1769
26.2,127.5,JAPAN,6.5,7,22,1768
-4.85,152.8,PAPUA NEW GUINEA,7.5,6,22,1768
22.2,113.55,CHINA,,11,22,1767
14.4,-61,MARTINIQUE (FRENCH TERRITORY),,4,24,1767
41,142.5,JAPAN,7.8,3,11,1763
38.1,138.7,JAPAN,6.6,10,31,1762
-3.5,128.5,INDONESIA,,9,7,1754
-3.5,128.5,INDONESIA,6.5,8,18,1754
18.8,93.633,MYANMAR (BURMA),,,,1750
40.5,143,JAPAN,7,6,10,1088
33.8,136.7,JAPAN,7,,,922
39,139.9,JAPAN,7,11,27,850
36.95,35.6,TURKEY,,12,19,803
33.8,136.7,JAPAN,7,8,2,704
35.7,135.4,JAPAN,7,5,12,701
40.9,28.5,TURKEY,7.3,1,26,447
37.5,120,CHINA,,6,28,173
36.7,28,GREECE,7,,,142
35.2,25.1,GREECE,6.9,,,62
42.7,-70.3,USA,,11,18,1755
10.47,-64.17,VENEZUELA,7.5,10,21,1766
40.8,142,JAPAN,7.4,1,29,1763
33,35.5,ISRAEL,,10,30,1759
38.65,-28.08,PORTUGAL,,7,9,1757
16.8,-99.2,MEXICO,,9,1,1754
18.5,-70.7,DOMINICAN REPUBLIC,7.3,10,18,1751
14.002,120.993,PHILIPPINES,,8,12,1749
51.5,157,RUSSIA,7,11,18,1742
-43,-74,CHILE,8,12,24,1737
38.5,20.5,GREECE,7,2,18,1723
37.2,-7.6,PORTUGAL,,12,27,1722
14.002,120.993,PHILIPPINES,,9,24,1716
-18.6,-70.2,CHILE,,11,26,1705
17.5,-61.5,ANTIGUA AND BARBUDA,8,4,16,1690
38.4,26.9,TURKEY,7,7,10,1688
-18.5,-70.35,CHILE,7.5,3,10,1681
-9,-79,PERU,8.4,6,18,1678
14.5,120.5,PHILIPPINES,,12,7,1677
36.5,25.5,GREECE,,,,1672
35.3,118.6,CHINA,8.5,7,25,1668
38.4,27.1,TURKEY,6.6,7,10,1668
42.6,18.1,CROATIA,7.2,4,6,1667
14.4,121,PHILIPPINES,8,11,30,1645
37.6,21,GREECE,6.9,11,5,1633
35.2,139.2,JAPAN,7.1,3,1,1633
37.6,21,GREECE,6.6,5,5,1622
-18.5,-70.35,CHILE,7.5,9,16,1615
35.5,25.5,GREECE,,,,1604
37.783,-25.5,PORTUGAL,,7,26,1591
-17.2,-72.9,PERU,7.7,,,1590
-12.3,-77.7,PERU,8.5,7,10,1586
51.019,1.309,UK,6.2,4,6,1580
10.7,-64.1,VENEZUELA,,9,1,1543
38.7,-9.1,PORTUGAL,7.7,1,26,1531
46.2,13.433,ITALY,6.5,3,26,1511
40.8,28.1,TURKEY,7.7,9,10,1509
35,25.5,GREECE,7.1,5,29,1508
38.4,26.3,GREECE,6.8,3,20,1389
33.5,36,SYRIA,7.6,5,20,1202
34,137.5,JAPAN,8.4,12,17,1096
32,35.5,SYRIA,7,1,18,746
40.7,29.3,TURKEY,7.3,10,26,740
40.9,28.8,TURKEY,7,12,14,558
40.8,29.9,TURKEY,7.8,7,9,551
31.3,35.6,JORDAN,,5,24,362
33.9,35.5,TURKEY,4.1,,,348
34.8,32,CYPRUS,6.3,6,20,76
10.7,-64.1,VENEZUELA,,9,1,1530
27.85,128.25,JAPAN,,,,1664
23,117,CHINA,,10,31,1076
0.8,127.325,INDONESIA,,7,1,1608
45,-125,USA,9,1,27,1700
-6,130,INDONESIA,,9,12,1763
-4,129,INDONESIA,7,9,5,1711
51.1,158,RUSSIA,,10,16,1737
38,126,NORTH KOREA,6.4,7,31,1668
-15.5,-75,PERU,,5,7,1647
-41.8,-73.8,CHILE,,5,14,1633
33.3,131.6,JAPAN,6.4,9,10,1597
-32.5,-71.5,CHILE,9.1,7,8,1730
40,144,JAPAN,8.1,4,13,1677
-36.83,-73.03,CHILE,8,3,15,1657
-17.88,-70.94,PERU,8.5,11,24,1604
33,35,SYRIA,,12,5,1033
35,136.8,JAPAN,6.4,5,31,1666
-37,-73,CHILE,8.5,5,25,1751
35.683,35.8,SYRIA,,,,-2000
-6.102,105.423,INDONESIA,,,,416
36.6,30,TURKEY,,,,262
31.6,130.7,JAPAN,6.5,7,20,766
34.8,138.2,JAPAN,6.7,3,21,1589
33,122.5,CHINA,6.8,8,19,1670
15.8,121.7,PHILIPPINES,,12,27,1735
33.4,136.2,JAPAN,7,11,22,1360
36.3,136,JAPAN,6.6,4,1,1726
31.7,132,JAPAN,7.6,10,30,1662
39.4,140.1,JAPAN,6.9,10,18,1644
39,144.5,JAPAN,7.5,12,6,1616
35.1,140.5,JAPAN,7.2,2,8,1602
35,136.8,JAPAN,8.2,1,18,1586
9.9,-62.3,VENEZUELA,,8,2,1498
35,27,GREECE,8,8,8,1303
35.2,139.3,JAPAN,7.9,8,,818
34.6,135.3,JAPAN,6.5,6,9,745
36.8,27.3,GREECE,7,8,15,554
40.3,27.8,TURKEY,6.8,,,543
38.9,22.7,GREECE,7.1,6,,-426
36.4,25.4,GREECE,,,,-1610
40.7,142,JAPAN,7.1,3,15,1763
22,92,BANGLADESH,,4,2,1762
38.3,22.1,GREECE,6.8,5,14,1748
35,141.5,JAPAN,7.4,11,4,1677
42.07,140.68,JAPAN,6.5,7,31,1640
38.1,142,JAPAN,7,9,9,1616
37.5,138,JAPAN,7.7,11,26,1614
33.3,131.7,JAPAN,6.9,9,4,1596
-38.7,-73.5,CHILE,8,10,28,1562
32,35.5,ISRAEL,6.5,1,14,1546
35.1,139.5,JAPAN,7.1,9,12,1495
36,28,GREECE,7.1,5,3,1481
33,135,JAPAN,8.4,8,3,1361
29.5,34.95,ISRAEL,,3,18,1068
33,135.3,JAPAN,8.6,8,26,887
38.5,143.8,JAPAN,8.6,7,13,869
32.5,134,JAPAN,8.4,11,29,684
39.7,23.3,GREECE,7,,,-479
38.25,22.25,GREECE,7.3,,,-373
35,23,GREECE,8,7,21,365
-36.75,-73,CHILE,8.3,2,8,1570
-39.8,-73.2,CHILE,8.5,12,16,1575
33,134.9,JAPAN,7.9,2,3,1605
39,144.5,JAPAN,8.1,12,2,1611
-13.5,-76.5,PERU,8.5,10,20,1687
17.8,-76.7,JAMAICA,7.7,6,7,1692
34.7,139.8,JAPAN,8.2,12,30,1703
33.2,134.8,JAPAN,8.4,10,28,1707
-11.996,-77.198,PERU,8,10,29,1746
37.2,138.1,JAPAN,6.6,5,20,1751
37,-10,PORTUGAL,8.5,11,1,1755
40.9,140.7,JAPAN,6.9,3,8,1766
37.5,138.1,JAPAN,6.5,8,2,887
34.8,131.8,JAPAN,7.5,6,16,1026
41,139.5,JAPAN,7,10,31,1341
-3.75,127.75,INDONESIA,6.8,2,17,1674
34,138.1,JAPAN,8.3,9,20,1498
32.4,130.5,JAPAN,6.4,6,30,744
23.12,113.25,CHINA,,5,,1765
32.7,129.7,JAPAN,,4,1,1700
41.5,139.37,JAPAN,6.9,8,29,1741
14.6,120.98,PHILIPPINES,,12,,1770
-6.3,107.3,INDONESIA,,6,5,1861
-44,172,NEW ZEALAND,,3,,1856
-33.8,151.3,AUSTRALIA,,8,5,1867
43.4,16.7,CROATIA,,3,22,1844
20.9,134.8,NORTHWEST PACIFIC OCEAN,,1,15,1854
39,-28,PORTUGAL,,1,23,1792
54.6,-165,USA,,7,26,1856
-33.8,151.3,AUSTRALIA,,8,15,1866
43.566,4.183,FRANCE,,12,17,1798
52.37,4.53,HOLLAND,,5,21,1792
19.67,145.4,USA TERRITORY,,,,1819
42.6,18.1,CROATIA,6.5,9,14,1843
-12.08,-77,PERU,,11,28,1865
38,141,JAPAN,,,,1789
54,-167,USA,,7,16,1865
11.67,92.73,INDIA,,8,19,1868
38.5,-28,PORTUGAL,,,,1787
31.6,130.7,JAPAN,,9,9,1780
-33.62,-76.83,CHILE,,2,12,1839
-3.7,128.2,INDONESIA,,3,,1861
54,-167,USA,,5,29,1796
16.8,-99.2,MEXICO,,12,4,1854
36.404,25.396,GREECE,6,3,6,1866
-5,105,INDONESIA,,5,4,1851
16.7,-99.2,MEXICO,,3,17,1860
50.9,155.5,RUSSIA,,7,9,1854
39.5,142,JAPAN,,7,20,1850
-33.8,151.3,AUSTRALIA,,8,9,1866
20.6,134.8,NORTHWEST PACIFIC OCEAN,,,,1850
-9,121,INDONESIA,,4,14,1855
7.5,146.5,"MICRONESIA, FED. STATES OF",,10,,1837
32.8,130.3,JAPAN,,5,13,1791
41.1,24.3,TURKEY,7.3,5,23,1829
24,121.83,TAIWAN,,10,29,1853
15.933,-61.267,GUADELOUPE (FRENCH TERRITORY),,2,17,1843
31.6,130.7,JAPAN,,10,31,1780
38.3,26.2,GREECE,,2,2,1866
31.6,130.7,JAPAN,,11,21,1797
1.37,125.1,INDONESIA,,12,25,1859
-14.214,-169.59,USA TERRITORY,,9,12,1866
62.366,17.333,SWEDEN,,11,14,1777
-31.61,-71.18,CHILE,,10,19,1847
36.4,25.3,GREECE,6.1,1,31,1866
26.2,127.5,JAPAN,,3,1,1865
37.8,-122.4,USA,,10,22,1855
14.55,120.9,PHILIPPINES,,9,16,1830
-3.7,128.2,INDONESIA,,11,19,1852
-12,-77,PERU,,,,1799
-12.1,-77.1,PERU,,4,22,1869
-33,-71.7,CHILE,,8,11,1855
24,89.25,BANGLADESH,6,11,11,1842
-33.88,18.45,SOUTH AFRICA,,12,4,1809
36,23,GREECE,6,2,6,1866
66.416,12.85,NORWAY,5.8,8,31,1819
-12.3,-77.3,PERU,,1,28,1840
37.8,21,GREECE,7,11,2,1791
57,-152,USA,,,,1792
32.7,-117.2,USA,5.9,5,27,1862
37.5,-122.3,USA,5.5,2,15,1856
10.7,-63.1,VENEZUELA,8.5,8,13,1868
-17.9,-149.9,FRENCH POLYNESIA,,7,12,1848
53,158.5,RUSSIA,,8,9,1827
54.52,-164.65,USA,,3,1,1820
7.333,93.667,INDIA,,10,31,1847
0.8,127.4,INDONESIA,,9,27,1854
-7,117,INDONESIA,8.5,11,8,1818
16.8,-99.9,MEXICO,,8,12,1868
34.8,138.3,JAPAN,6.4,7,13,1857
42.5,145,JAPAN,7.3,5,1,1839
20,-75.8,CUBA,,7,17,1852
58,-152,USA,,9,5,1866
14.5,121,PHILIPPINES,6,3,4,1862
13.7,-89.8,EL SALVADOR,7,12,9,1859
0.009,125.5,INDONESIA,7.3,7,29,1859
-27.35,-70.35,CHILE,7.2,5,26,1851
23.583,68.367,INDIA,6.3,6,19,1845
0.8,127.325,INDONESIA,,2,14,1840
32.6,129.9,JAPAN,6.4,5,26,1828
-4,101.5,INDONESIA,7,3,18,1818
0.9,124.9,INDONESIA,,12,17,1859
1.3,121,INDONESIA,,8,,1860
32.5,-115.5,MEXICO,7,11,29,1852
43.3,141.4,JAPAN,6.4,2,9,1834
44.6,141.5,JAPAN,6.4,9,20,1863
34.5,137.6,JAPAN,7,11,7,1855
-33,-71.4,CHILE,,11,19,1811
-39.9,-73.4,CHILE,,2,6,1869
-36.6,-73,CHILE,,1,27,1869
-33.1,-71.7,CHILE,,10,16,1868
-17,-72.5,PERU,,10,2,1868
-36.7,-73.2,CHILE,,9,14,1868
16.8,-99.2,MEXICO,,5,25,1868
55,-161,USA,,5,15,1868
18.1,-65.1,USA TERRITORY,,3,17,1868
10.9,-64.1,VENEZUELA,7.5,9,,1867
-19.5,-173.5,TONGA,8,11,18,1865
-19,168.5,VANUATU,7.5,8,17,1863
-6.1,106.7,INDONESIA,,3,16,1863
38.5,142,JAPAN,7.4,10,20,1861
-1.5,100,INDONESIA,6.5,9,25,1861
1,97.5,INDONESIA,6.8,6,17,1861
1,97.5,INDONESIA,7,4,26,1861
-1.25,128.5,INDONESIA,,10,6,1860
-12.1,-77.1,PERU,,4,23,1860
18.52,-73.35,HAITI,7.5,4,8,1860
-5.5,130.5,INDONESIA,6.8,9,25,1859
13.33,-87.81,EL SALVADOR,6.2,8,25,1859
-4.6,129.9,INDONESIA,,7,20,1859
1,126.5,INDONESIA,7,6,28,1859
1,126,INDONESIA,7.3,12,13,1858
26.2,127.5,JAPAN,,9,,1858
-30,-71.4,CHILE,6.5,4,24,1858
1.35,125.2,INDONESIA,,11,18,1857
1.35,125.2,INDONESIA,,11,17,1857
-8,115.5,INDONESIA,7,5,13,1857
40.2,29,TURKEY,,9,17,1857
-8.5,116,INDONESIA,,7,25,1856
15.91,-85.96,HONDURAS,,9,25,1855
40.75,-124.2,USA,6,3,20,1855
37.8,-122.4,USA,,10,22,1854
8.5,-83,COSTA RICA,7.2,8,7,1854
8.5,-83,COSTA RICA,7.2,8,4,1854
34.4,-119.7,USA,,5,31,1854
57,-152,USA,,1,27,1854
-3.5,128.6,INDONESIA,6,1,4,1854
-21.167,-175.167,TONGA,,12,24,1853
47,152,RUSSIA,,11,,1853
17,-100,MEXICO,7,12,4,1852
-12.1,-77.1,PERU,,11,27,1852
14.4,-61,MARTINIQUE (FRENCH TERRITORY),,11,30,1824
14.4,-61,MARTINIQUE (FRENCH TERRITORY),,11,30,1823
-6.5,108.5,INDONESIA,6.8,9,9,1823
5,96.5,INDONESIA,,5,1,1816
-10.217,123.633,INDONESIA,,,,1814
1.5,98,INDONESIA,6.8,11,11,1852
37.8,-122.4,USA,,5,15,1851
55,166,RUSSIA,,9,28,1849
-41.9,173.6,NEW ZEALAND,7.9,10,15,1848
-12.1,-77.1,PERU,,5,23,1847
39.5,142.5,JAPAN,6.9,3,,1846
2,126.5,INDONESIA,7.3,1,25,1846
-39.93,175.05,NEW ZEALAND,,7,5,1845
-7.2,114,INDONESIA,6,2,7,1843
1.5,98,INDONESIA,7.3,1,5,1843
-4,127.5,INDONESIA,6,12,16,1841
-5,130,INDONESIA,,11,26,1841
-36.7,-73.1,CHILE,,5,7,1838
5.5,96,INDONESIA,7.3,9,29,1837
-8.3,118.7,INDONESIA,7.5,11,28,1836
-22.6,-70.3,CHILE,7.5,7,3,1836
-8.3,118.7,INDONESIA,,3,5,1836
16.8,-99.9,MEXICO,7,3,14,1834
16.8,-99.9,MEXICO,,3,10,1833
12.4,-61.5,TRINIDAD AND TOBAGO,,12,3,1831
33.9,134.8,JAPAN,6.5,8,8,1808
-3.7,128.2,INDONESIA,,8,,1802
17.2,-62.4,ANTIGUA AND BARBUDA,,3,19,1802
18.47,-77.92,JAMAICA,,10,27,1787
10.2,-82.9,COSTA RICA,,2,22,1798
56,163,RUSSIA,6.8,4,15,1791
15.5,-97,MEXICO,7.3,4,3,1787
19,-72.4,HAITI,,12,18,1775
-3.7,128.2,INDONESIA,,4,18,1775
18.5,-72.3,HAITI,,6,3,1770
37.7,-122.1,USA,6.8,10,21,1868
40.4,19.5,ALBANIA,6.3,3,2,1866
40.3,19.4,ALBANIA,6.5,1,2,1866
13.25,123.5,PHILIPPINES,6,10,19,1865
37.2,-121.9,USA,6.3,10,8,1865
38.2,22.2,GREECE,7.3,12,26,1861
-27.35,-70.35,CHILE,7.6,10,5,1859
38.5,26.25,GREECE,6.6,11,13,1856
35.5,26,GREECE,8.3,10,12,1856
35.65,139.8,JAPAN,7,11,11,1855
34.1,-118.1,USA,6,7,11,1855
-41.25,175,NEW ZEALAND,8,1,23,1855
38.25,23.5,GREECE,,8,18,1853
10.5,-64.2,VENEZUELA,6.7,7,15,1853
14,120.5,PHILIPPINES,7.5,9,16,1852
40.5,19.7,ALBANIA,6.6,10,12,1851
35.5,28.7,TURKEY,7.2,2,28,1851
-29.95,-71.37,CHILE,7.5,11,17,1849
17,-100.6,MEXICO,8,4,7,1845
1.5,124.85,INDONESIA,7,2,8,1845
36.3,27.6,GREECE,6.5,10,18,1843
-39.9,175,NEW ZEALAND,7.5,7,8,1843
16.5,-62.2,GUADELOUPE (FRENCH TERRITORY),8.3,2,8,1843
52,158,RUSSIA,8.4,5,17,1841
-8,110.5,INDONESIA,7,1,4,1840
33,35.5,ISRAEL,,1,1,1837
40.4,19.9,ALBANIA,6.4,1,19,1833
14.55,120.9,PHILIPPINES,,1,18,1830
14.55,120.9,PHILIPPINES,7.5,11,9,1828
10.4,-61.3,TRINIDAD AND TOBAGO,,9,21,1825
11.1,-74.1,COLOMBIA,6.3,2,26,1825
38.8,20.7,GREECE,6.8,1,19,1825
14.25,121.25,PHILIPPINES,,10,26,1824
-33,-72,CHILE,8.5,11,20,1822
10.1,-83.3,COSTA RICA,7.6,5,7,1822
37.8,21.3,GREECE,6.5,1,6,1821
17.2,-99.6,MEXICO,7.6,5,4,1820
23,71,INDIA,7.7,6,16,1819
-27,-71.5,CHILE,8.5,4,12,1819
38.3,22.1,GREECE,6.8,8,23,1817
34.2,-119.9,USA,7.5,12,21,1812
18,-76.8,JAMAICA,,11,11,1812
10.6,-66.9,VENEZUELA,7.7,3,26,1812
39.9,139.9,JAPAN,6.6,9,25,1810
-12.1,-77.1,PERU,7.5,12,1,1806
38.3,21.8,GREECE,6.7,6,8,1804
38.2,21.8,GREECE,,1,8,1804
37.7,138.3,JAPAN,6.6,12,9,1802
54,162,RUSSIA,8.4,8,22,1792
18.1,-77.3,JAMAICA,,8,1,1781
45.3,151.2,RUSSIA,7.5,6,29,1780
31.58,130.67,JAPAN,,4,11,1781
0.8,127.325,INDONESIA,,11,9,1771
-5,130.5,INDONESIA,7,12,24,1852
-12,-77.1,PERU,,1,8,1865
-9,111,INDONESIA,,10,20,1859
16.5,-98.5,MEXICO,8.3,3,28,1787
19,-155.5,USA,7.9,4,3,1868
18.1,-65.1,USA TERRITORY,7.5,11,18,1867
40.5,143.5,JAPAN,8,8,23,1856
3.67,125.5,INDONESIA,,3,2,1856
42,146,JAPAN,8.4,4,25,1843
12.9,123.9,PHILIPPINES,6.5,3,22,1840
-42.5,-74,CHILE,8.5,11,7,1837
-36.83,-73.03,CHILE,8.2,2,20,1835
38.9,139.15,JAPAN,7.4,12,7,1833
-2.5,100.5,INDONESIA,8.3,11,24,1833
40.85,139.95,JAPAN,6.9,2,8,1793
16.9,-99.9,MEXICO,,3,28,1784
-5.25,129.75,INDONESIA,8.3,11,25,1852
58.63,-137.57,USA,,,,1853
-5.5,147,PAPUA NEW GUINEA,8,4,17,1857
43.5,140.6,JAPAN,6.9,6,13,1792
34.5,135.4,JAPAN,6.5,9,13,1791
25.34,121.91,TAIWAN,7,12,18,1867
36.4,22.2,GREECE,7.1,9,20,1867
14.5,121,PHILIPPINES,6.5,6,3,1863
38.5,144,JAPAN,8.3,2,17,1793
-8.2,118,INDONESIA,,4,10,1815
0.009,98,INDONESIA,7,3,9,1861
36.6,136.6,JAPAN,6.4,6,29,1799
0.001,99,INDONESIA,8,2,10,1797
55,-161,USA,8,8,6,1788
57,-153,USA,8,7,21,1788
35.1,139.7,JAPAN,7.3,8,22,1782
-1,135,INDONESIA,7.8,5,23,1864
34,137.9,JAPAN,8.3,12,23,1854
14,143.3,USA TERRITORY,7.5,1,25,1849
19.75,-72.2,HAITI,8.1,5,7,1842
37.9,141.9,JAPAN,7.6,7,20,1835
-7,119,INDONESIA,7.5,12,29,1820
39.05,139.95,JAPAN,7.3,7,10,1804
24,124.3,JAPAN,7.4,4,24,1771
32.75,130.3,JAPAN,6.4,5,21,1792
-8,115,INDONESIA,7,11,22,1815
33.1,135,JAPAN,8.4,12,24,1854
-1,97.5,INDONESIA,8.5,2,16,1861
-18.6,-71,CHILE,8.5,8,13,1868
24.5,120.5,TAIWAN,7,5,22,1782
12.5,123.5,PHILIPPINES,7,8,16,1869
10.5,-61.2,TRINIDAD AND TOBAGO,,11,3,1911
-33,-71.6,CHILE,,1,28,1878
38.789,15.213,ITALY,,5,22,1919
60,-139.58,USA,,7,4,1905
-18.3,-70.5,CHILE,,6,30,1878
-4,129,INDONESIA,,6,20,1891
-0.5,127.5,INDONESIA,,6,10,1891
6.1,1.2,TOGO,6.6,5,11,1911
49,-34.5,ATLANTIC OCEAN,,11,21,1894
39.5,20,GREECE,,6,27,1883
-20.2,-70.2,CHILE,,9,30,1878
-33,-71.6,CHILE,,11,23,1878
-9,124.85,INDONESIA,,2,13,1919
-33,-71.6,CHILE,,9,2,1877
-13.612,-172.525,SAMOA,,7,25,1907
-6.102,105.423,INDONESIA,,10,10,1883
-3.7,128.2,INDONESIA,,12,3,1914
3.138,125.491,INDONESIA,,7,18,1918
14.82,-61.17,MARTINIQUE (FRENCH TERRITORY),,8,30,1902
33.9,-117,USA,,8,7,1906
44.183,-68.917,USA,,11,17,1872
14.82,-61.17,MARTINIQUE (FRENCH TERRITORY),,5,8,1902
-0.25,104.5,INDONESIA,,1,,1917
-33,-71.5,CHILE,,8,8,1899
-6.102,105.423,INDONESIA,,2,,1884
40,-122,USA,,11,12,1884
35,-120,USA,,4,16,1877
-3.7,116.6,INDONESIA,,3,16,1917
-20.2,-70.1,CHILE,,2,3,1878
-13.612,-172.525,SAMOA,,11,28,1906
-33.8,151.3,AUSTRALIA,,8,12,1870
-13.612,-172.525,SAMOA,,6,27,1907
-13.612,-172.525,SAMOA,,10,6,1907
1.5,120.8,INDONESIA,,2,2,1904
-13.612,-172.525,SAMOA,,7,9,1907
-3.6,128.7,INDONESIA,,8,23,1917
-13.612,-172.525,SAMOA,,8,4,1905
-17.75,168.3,VANUATU,,8,27,1893
-33,-71.6,CHILE,,8,8,1879
3.67,125.5,INDONESIA,,6,7,1892
1.57,122.72,INDONESIA,,1,9,1917
20,-155,USA,,7,24,1869
-6.05,105.92,INDONESIA,,8,16,1889
-33.8,151.3,AUSTRALIA,,8,11,1869
19.23,-155.9,USA,,10,2,1919
-3.6,128.7,INDONESIA,,7,5,1904
-13.612,-172.525,SAMOA,,6,8,1907
-2.25,106,INDONESIA,,5,31,1883
-13.612,-172.525,SAMOA,,6,19,1907
32.2,29.6,EGYPT,,6,24,1870
1.1,124.3,INDONESIA,,8,3,1885
-41.3,174.8,NEW ZEALAND,,9,21,1897
60.5,-149,USA,6.9,9,22,1911
-21.38,-175.65,TONGA,,7,,1907
24.5,120.5,TAIWAN,6.2,12,9,1882
-15.25,166.83,VANUATU,,8,,1892
-6,147,PAPUA NEW GUINEA,7,,,1875
5.4,96,INDONESIA,,5,19,1891
5.4,96,INDONESIA,,5,19,1887
-2.55,140.75,INDONESIA,,11,21,1919
-13,-77,PERU,7,8,21,1871
34.227,-118.433,USA,,8,10,1879
59.5,-135.5,USA,5.5,9,24,1907
37.75,21,GREECE,,12,3,1898
-16.4,-71.5,PERU,6.5,1,10,1872
-4.25,152.25,PAPUA NEW GUINEA,6,2,25,1910
-7.111,143.53,PAPUA NEW GUINEA,6.9,1,19,1922
36,-120.5,USA,6.7,3,3,1901
48,-123.5,USA,,11,29,1891
20.7,-157,USA,7,2,20,1871
-6.8,120.8,INDONESIA,5.5,3,15,1897
-16,179,FIJI,,7,12,1881
1,-81,ECUADOR,,2,7,1906
36.7,137.3,JAPAN,,11,,1880
-19,168.5,VANUATU,8,2,11,1878
-35,-72.5,CHILE,7.5,3,25,1871
-18.5,-70.3,CHILE,,5,7,1906
-5.5,146,PAPUA NEW GUINEA,8,,,1873
0,99.5,INDONESIA,6.8,7,29,1885
8.567,81.233,SRI LANKA,,1,,1882
-16.5,-73,PERU,7.2,1,6,1922
0.87,122.92,INDONESIA,,1,29,1920
8,126,PHILIPPINES,7.4,1,1,1919
38.5,20.7,GREECE,6.7,8,7,1915
-17,-72,PERU,7.2,2,26,1914
4,127,INDONESIA,6.7,12,18,1910
39,143,JAPAN,6,6,15,1901
-36.83,-73.03,CHILE,6.5,7,23,1898
-3,127.75,INDONESIA,7,11,18,1892
-9,124,INDONESIA,7,10,5,1891
43.3,147.3,JAPAN,7,10,25,1881
5.6,95.3,INDONESIA,,1,31,1886
-19.6,-70.2,CHILE,,6,15,1877
-1,136,INDONESIA,6,11,6,1915
9,125.5,PHILIPPINES,6.2,12,30,1910
-20.2,-70.15,CHILE,,9,26,1903
32.7,132.3,JAPAN,6.9,11,25,1899
16,-95,MEXICO,7,6,20,1897
-20.2,-70.1,CHILE,,4,12,1878
18.1,-65.1,USA TERRITORY,,3,11,1874
18,119.5,PHILIPPINES,6.4,11,18,1915
1,126.25,INDONESIA,8,9,6,1889
-36.8,-73,CHILE,,2,14,1878
-33.1,-71.7,CHILE,,8,20,1871
-1,100.35,INDONESIA,,4,10,1922
-3.3,128.9,INDONESIA,,2,22,1922
-38,-73.5,CHILE,7,8,20,1920
18.5,-67.5,USA TERRITORY,,10,25,1918
23.2,121.6,TAIWAN,5.8,5,6,1917
24.47,118.08,CHINA,6.5,1,25,1917
-3.644,133.695,INDONESIA,,5,23,1915
-12,-76.6,PERU,,1,12,1914
-7,148,PAPUA NEW GUINEA,7,10,11,1913
-16.6,-73.3,PERU,7,7,28,1913
-41.8,171.5,NEW ZEALAND,6.8,2,22,1913
7,138,"MICRONESIA, FED. STATES OF",6.9,10,31,1912
40.5,142,JAPAN,6.6,6,8,1912
-20,-72,CHILE,7.3,9,15,1911
-4.25,152.25,PAPUA NEW GUINEA,,5,8,1911
34.5,141.5,JAPAN,6.7,3,12,1909
19,-155,USA,6.8,9,21,1908
61,-146.2,USA,6,2,14,1908
-2,100,INDONESIA,7.5,2,6,1908
-3.1,142.5,PAPUA NEW GUINEA,7.4,12,15,1907
3,122,INDONESIA,7.3,3,29,1907
11,123.5,PHILIPPINES,6.5,12,8,1905
-7.7,109,INDONESIA,,9,7,1904
-28.5,-71,CHILE,6.5,12,7,1903
16.7,-99.2,MEXICO,,7,16,1903
-3,127.5,INDONESIA,6.5,3,30,1903
-5,148,PAPUA NEW GUINEA,7.1,9,17,1900
-4,152,PAPUA NEW GUINEA,6.8,9,10,1900
-3.5,102.5,INDONESIA,6.8,10,10,1896
36.5,141,JAPAN,7.6,1,9,1896
33,130,JAPAN,,5,25,1895
-17.75,168.3,VANUATU,6,7,31,1893
42.5,145.5,JAPAN,6.9,6,13,1893
43.3,147.5,RUSSIA,7,6,4,1893
37,136.8,JAPAN,6.5,12,9,1892
2.5,99.5,INDONESIA,,5,17,1892
25.5,-103.5,MEXICO,,7,30,1891
-37.4,174.4,NEW ZEALAND,,6,22,1891
-7,113.5,INDONESIA,6,11,23,1889
5.8,95,INDONESIA,,3,21,1888
5.55,95.3,INDONESIA,,12,14,1885
-20.2,-70.1,CHILE,,11,12,1885
-2.5,127.5,INDONESIA,7.3,4,30,1885
-4.5,129.9,INDONESIA,7.5,10,10,1882
-19.6,-70.2,CHILE,,9,14,1882
-33.58,-71.63,CHILE,,2,23,1882
-19.6,-70.2,CHILE,,10,27,1881
17.97,-76.8,JAMAICA,,8,12,1881
-20.2,-70.1,CHILE,,7,14,1881
57,-136,USA,6.3,10,26,1880
55.8,-155.6,USA,6.3,9,29,1880
54,-167,USA,,8,29,1878
-23.7,-70.4,CHILE,,6,12,1878
-20.2,-70.1,CHILE,,3,12,1878
-4.25,152.25,PAPUA NEW GUINEA,,2,4,1878
-19,168.5,VANUATU,7.5,1,10,1878
-24,-71,CHILE,,10,9,1877
-20.2,-70.1,CHILE,,8,23,1877
-21.2,-70.1,CHILE,,5,15,1877
-12.07,-77.15,PERU,,5,14,1877
-3,127.25,INDONESIA,6.8,5,28,1876
-18.5,168,VANUATU,7,5,10,1875
20,-105,MEXICO,,2,23,1875
42,-124,USA,6.7,11,23,1873
-23.6,-70.4,CHILE,,11,19,1873
52.2,-168.5,USA,,8,23,1872
16,119,PHILIPPINES,6,1,26,1872
-41.5,-73,CHILE,,12,28,1871
0.5,123,INDONESIA,,8,25,1871
-13.65,-76.4,PERU,,2,5,1871
-30,-71.4,CHILE,,8,9,1869
9,123.25,PHILIPPINES,6,3,1,1922
10.2,124.1,PHILIPPINES,6.3,2,27,1922
8,127,PHILIPPINES,7.5,11,11,1921
-11,111,INDONESIA,7.5,9,11,1921
0.7,117.9,INDONESIA,6.2,5,14,1921
-19.919,168.53,VANUATU,7.8,9,20,1920
-6.5,150,PAPUA NEW GUINEA,7.7,2,2,1920
-4.806,153.859,PAPUA NEW GUINEA,8.2,5,6,1919
-18.352,-172.515,TONGA,8.1,4,30,1919
-19.6,-176.6,TONGA,8.3,1,1,1919
-26,-71,CHILE,7.8,12,4,1918
44.5,151.5,RUSSIA,7.8,11,8,1918
-28.5,-71.5,CHILE,7.9,5,20,1918
23.5,117.2,CHINA,7.5,2,13,1918
-29,-177.5,NEW ZEALAND,7.5,11,16,1917
-3.705,141.729,PAPUA NEW GUINEA,7.5,7,29,1917
-29.2,-177,NEW ZEALAND,8,5,1,1917
6,125,PHILIPPINES,6.4,1,31,1917
56.5,163,RUSSIA,7.8,1,30,1917
-7,116,INDONESIA,6.6,1,20,1917
9.6,-82,PANAMA,7,4,26,1916
-4.739,152.548,PAPUA NEW GUINEA,7.9,1,1,1916
38.3,142.9,JAPAN,7.8,11,1,1915
14,-89,EL SALVADOR,7.9,9,7,1915
38.8,20.6,GREECE,6.3,11,27,1914
-3.924,101.82,INDONESIA,7.6,6,25,1914
31.58,130.67,JAPAN,7.1,1,12,1914
-17,-74,PERU,7.9,8,6,1913
9,126,PHILIPPINES,7.8,7,12,1911
28,130,JAPAN,8,6,15,1911
12.5,145,USA TERRITORY,8,12,9,1909
35.4,136.3,JAPAN,6.9,8,14,1909
16.8,-99.8,MEXICO,7.4,7,30,1909
-26.5,-70.5,CHILE,7.6,6,8,1909
-2,101,INDONESIA,7.6,6,3,1909
34.5,141.5,JAPAN,7.5,3,13,1909
-14,-78,PERU,,12,12,1908
17,-100,MEXICO,8.1,4,14,1907
18,-76.8,JAMAICA,6.5,1,14,1907
-18,-71,PERU,7.9,12,26,1906
-4,149,PAPUA NEW GUINEA,7.2,10,2,1906
-7,149,PAPUA NEW GUINEA,8,9,14,1906
-33,-72,CHILE,8.2,8,17,1906
37.7,-122.5,USA,7.9,4,18,1906
33,76,INDIA,7.8,4,4,1905
-40.4,176.4,NEW ZEALAND,7.2,8,8,1904
52,159,RUSSIA,8.1,6,25,1904
52,159,RUSSIA,8.3,6,25,1904
7,-79,COLOMBIA,7.9,1,20,1904
7.5,123.5,PHILIPPINES,7.3,8,21,1902
40.75,23.25,GREECE,6.6,7,5,1902
51.45,-171.02,USA,7.1,12,31,1901
14,121.6,PHILIPPINES,7,9,10,1901
40.5,142.5,JAPAN,6.3,8,9,1901
40.6,142.3,JAPAN,7.4,8,9,1901
40.5,142.5,JAPAN,7.2,8,9,1901
28,130.3,JAPAN,7.5,6,24,1901
11,-66,VENEZUELA,8.4,10,29,1900
33.8,-118.5,USA,6.4,12,25,1899
31.9,132,JAPAN,7.1,11,24,1899
60,-140,USA,8.2,9,10,1899
60,-142,USA,8.2,9,4,1899
37.2,21.6,GREECE,6.6,1,22,1899
38.6,142,JAPAN,7.2,4,22,1898
38.2,-122.4,USA,6.2,3,31,1898
38,143.7,JAPAN,7.7,8,5,1897
38.1,141.9,JAPAN,7.4,2,19,1897
38.9,139.8,JAPAN,7,10,22,1894
40.6,28.7,TURKEY,6.7,7,10,1894
38.7,23.1,GREECE,7,4,27,1894
42.5,146,JAPAN,7.9,3,22,1894
40.2,19.7,ALBANIA,7.5,6,14,1893
37.7,20.9,GREECE,6.4,4,17,1893
40.5,25.5,GREECE,6.5,2,9,1893
14,143.3,USA TERRITORY,7.5,5,16,1892
13.5,121,PHILIPPINES,6.8,5,25,1889
38.3,22.8,GREECE,6.2,10,3,1887
19.7,-74.4,HAITI,,9,23,1887
31,-109,MEXICO,8,5,3,1887
10.7,122.6,PHILIPPINES,,2,2,1887
37.1,21.5,GREECE,7.5,8,27,1886
7.5,-79,PANAMA,7.5,11,5,1884
8.52,92.43,INDIA,7.9,12,31,1881
-31.62,-71.18,CHILE,7.7,8,15,1880
16,121.85,PHILIPPINES,7.5,7,18,1880
-19.92,-70.335,CHILE,7.9,1,23,1878
-19.6,-70.23,CHILE,7.5,8,24,1869
38.8,20.7,GREECE,6.9,12,28,1869
9.203,124.673,PHILIPPINES,,4,30,1871
34.9,132,JAPAN,7.4,3,14,1872
-12,-77,PERU,,1,27,1878
35.18,-120.731,USA,,11,22,1878
-14.18,-169.66,USA TERRITORY,,2,11,1915
59.4,-153.4,USA,,10,6,1883
38.7,-28.2,PORTUGAL,,2,3,1899
14.002,120.993,PHILIPPINES,,1,30,1911
-4,140,INDONESIA,6.9,10,7,1900
-20,168.5,NEW CALEDONIA,8,3,28,1875
45.5,151.5,RUSSIA,8.2,9,7,1918
5.5,123,PHILIPPINES,8.3,8,15,1918
-15.5,-173,SAMOA,8.3,6,26,1917
-1.829,136.943,INDONESIA,8.1,5,26,1914
-22,170,NEW CALEDONIA,7.9,8,9,1901
6,122,PHILIPPINES,8.7,9,21,1897
10,-79,PANAMA,7.9,9,7,1882
-34.917,-56.167,URUGUAY,,1,14,1884
-8.4,150.1,PAPUA NEW GUINEA,7.3,3,6,1895
37.4,142.6,JAPAN,7,7,6,1905
13.5,-89.5,EL SALVADOR,7,2,26,1902
2.28,125.425,INDONESIA,,3,3,1871
-3,152,PAPUA NEW GUINEA,,1,15,1899
40.5,19.5,ALBANIA,5.6,12,18,1920
18.7,-67.189,USA TERRITORY,7.1,10,11,1918
2,94.5,INDONESIA,7.6,1,4,1907
1,-81.5,ECUADOR,8.8,1,31,1906
-21.5,-70.5,CHILE,8.3,5,10,1877
39.5,144,JAPAN,8.3,6,15,1896
38.17,15.58,ITALY,7,12,28,1908
-3,128.5,INDONESIA,7.8,9,29,1899
-5.52,148.121,PAPUA NEW GUINEA,,3,13,1888
-6.102,105.423,INDONESIA,,8,27,1883
24.5,122,TAIWAN,7.6,9,1,1922
-23.7,-70.4,CHILE,,8,9,1929
32.1,139.85,JAPAN,,9,23,1952
-2.4,147.4,PAPUA NEW GUINEA,,6,27,1953
32.1,139.85,JAPAN,,9,16,1952
-6.102,105.423,INDONESIA,,3,26,1928
-35.33,-72.42,CHILE,,2,17,1923
19.5,-155.5,USA,,11,21,1935
48.967,-58,CANADA,,,,1928
-10.28,166.23,SOLOMON ISLANDS,,11,28,1966
-8.342,115.508,INDONESIA,,3,30,1963
-26.3,-80.1,CHILE,,3,4,1923
40.63,22.97,GREECE,,2,23,1959
49.12,154.508,RUSSIA,6,1,8,1933
-9.02,157.95,SOLOMON ISLANDS,,12,22,1951
-6.102,105.423,INDONESIA,,3,17,1930
32.1,139.85,JAPAN,,9,26,1952
67.47,-32.283,GREENLAND,,10,,1954
55.978,160.587,RUSSIA,,3,30,1956
38.4,-27.1,PORTUGAL,,8,31,1931
58.6,-137.1,USA,,10,27,1936
58,165,RUSSIA,5.8,9,22,1937
-23.7,-70.4,CHILE,,3,31,1928
32.1,139.85,JAPAN,,9,24,1952
48.092,153.2,RUSSIA,,11,13,1946
33.7,-118.2,USA,,8,21,1934
-9.43,159.95,SOLOMON ISLANDS,,3,18,1961
-63,-60.5,ANTARCTICA,,12,4,1967
-16.829,168.536,VANUATU,,10,7,1958
49.21,-2.131,UK,,7,30,1926
-43.95,-176.567,NEW ZEALAND,,7,19,1924
32.1,139.85,JAPAN,,3,11,1953
-10.061,159.215,SOLOMON ISLANDS,7.5,1,25,1926
-18.5,169.25,VANUATU,6.8,7,13,1952
17,121.5,PHILIPPINES,6.4,9,5,1949
-4.2,152.2,PAPUA NEW GUINEA,,12,12,1934
37,141.7,JAPAN,7.1,11,6,1938
-19,-70,CHILE,7.1,1,8,1956
38,23,GREECE,5.2,4,25,1928
50,156.5,RUSSIA,5.8,3,17,1953
37.973,-28.59,PORTUGAL,5.8,8,31,1926
36.7,28.5,TURKEY,6.5,5,23,1961
-3.417,142.077,PAPUA NEW GUINEA,7,8,7,1931
57.69,-136.07,USA,7.1,10,24,1927
64.15,-21.95,ICELAND,,8,28,1924
40.9,142.1,JAPAN,7.3,2,10,1945
-3,132.3,INDONESIA,6,2,13,1938
-18.5,-70.3,CHILE,,8,12,1923
-21.7,-69.5,CHILE,7.5,12,21,1967
6,95,INDONESIA,6.3,6,1,1948
40,143.2,JAPAN,7,5,27,1928
45.53,151.11,RUSSIA,7,3,19,1967
-15.9,166.8,VANUATU,7.3,8,13,1965
47.159,153.876,RUSSIA,6.8,7,24,1964
42.2,143.9,JAPAN,7,4,23,1962
40.3,142.5,JAPAN,6.7,7,29,1960
37.5,143.2,JAPAN,6.7,10,26,1959
-12,-77.5,PERU,5.5,2,15,1953
-53.5,-71.5,CHILE,7,1,30,1950
41.2,143.3,JAPAN,7.1,6,13,1943
36.7,141.4,JAPAN,7.1,5,23,1938
34.2,142,JAPAN,6.4,8,18,1927
9.3,122.7,PHILIPPINES,6.8,5,5,1925
-3,132.3,INDONESIA,6,11,6,1937
40.3,139,JAPAN,6.9,5,7,1964
-23.5,-71.5,CHILE,7,7,29,1957
-26,-71.5,CHILE,7.1,5,15,1925
43.586,146.701,RUSSIA,7.3,1,29,1968
-28.78,-71.19,CHILE,5.9,11,15,1967
-10.6,-79.8,PERU,7,9,3,1967
-42.9,-75.13,CHILE,6.5,10,3,1965
-15.8,167.2,VANUATU,7,8,11,1965
53.03,-167.55,USA,6.5,7,2,1965
44.7,148.7,RUSSIA,7.2,6,11,1965
-31.81,-71.26,CHILE,6,3,22,1965
-25.67,-70.63,CHILE,7,2,23,1965
40.4,138.9,JAPAN,6.3,12,10,1964
-6.4,105.4,INDONESIA,6.6,12,16,1963
44.426,149.272,RUSSIA,7.1,10,12,1963
41.8,142.4,JAPAN,5.7,5,21,1962
38.073,142.741,JAPAN,7.2,4,12,1962
8.008,-82.757,PANAMA,6.8,3,12,1962
-36.7,-73,CHILE,6.5,10,18,1961
42.9,145.6,JAPAN,7,8,11,1961
-9.849,160.614,SOLOMON ISLANDS,6.4,8,1,1961
-18.421,168.411,VANUATU,7.3,7,23,1961
29.6,131.8,JAPAN,6.6,7,18,1961
43.2,147.9,RUSSIA,6.6,2,12,1961
36.2,141.9,JAPAN,6.5,1,16,1961
36,141.9,JAPAN,6.4,1,16,1961
36,142.3,JAPAN,6.8,1,16,1961
-38.5,-75.1,CHILE,7.4,11,1,1960
-9.4,152.3,PAPUA NEW GUINEA,6.6,6,11,1960
39.4,143.7,JAPAN,6.7,3,23,1960
39.8,143.4,JAPAN,7.5,3,20,1960
44.3,149,RUSSIA,5,4,9,1959
-4,-81.5,PERU,7.4,2,7,1959
37.5,142.2,JAPAN,6.8,1,22,1959
44.2,148.8,RUSSIA,7,11,12,1958
-50,-115,PACIFIC OCEAN,6.1,11,4,1958
48.6,156.1,RUSSIA,5,9,17,1958
-8.57,160.72,SOLOMON ISLANDS,,11,,1957
-2,116,INDONESIA,6,10,26,1957
-8.2,107.3,INDONESIA,5.5,9,26,1957
-25.5,-71,CHILE,7,12,18,1956
44.3,144.1,JAPAN,6.3,3,5,1956
-5.1,152.924,PAPUA NEW GUINEA,7.3,10,10,1955
-6.9,155.7,PAPUA NEW GUINEA,6.5,9,8,1955
6.5,94,INDIA,7.3,5,17,1955
11.46,-69.57,VENEZUELA,5.5,1,18,1955
38.9,142.2,JAPAN,6.1,11,18,1954
19.8,-70.7,DOMINICAN REPUBLIC,7.2,5,31,1953
10.3,-85.3,COSTA RICA,6.9,5,13,1952
19.1,-155,USA,4.5,3,17,1952
-10,159.5,SOLOMON ISLANDS,7.3,11,8,1950
14.31,-91.917,GUATEMALA,7.5,10,23,1950
-37.8,177.2,NEW ZEALAND,5.8,3,14,1950
-5.5,154,PAPUA NEW GUINEA,7.5,10,19,1949
5,95,INDONESIA,6.7,5,9,1949
54.6,163.5,RUSSIA,5.9,1,27,1949
-22.5,-69,CHILE,7,12,26,1948
33.1,135.6,JAPAN,7.2,4,17,1948
43.8,141,JAPAN,7,11,4,1947
-38.42,178.88,NEW ZEALAND,6.9,5,17,1947
-38.85,178.87,NEW ZEALAND,7.1,3,25,1947
51.5,-174.5,USA,7,11,1,1946
-14,-76.25,PERU,7,9,30,1946
49.87,-124.92,CANADA,7.3,6,23,1946
8.5,-84,COSTA RICA,6.9,12,6,1941
40.5,-125.25,USA,6.6,2,9,1941
-4.175,152.071,PAPUA NEW GUINEA,7.4,1,13,1941
-41.5,-74.5,CHILE,7,10,11,1940
22.2,-79.1,CUBA,5.6,8,15,1939
13.5,121.25,PHILIPPINES,6.5,5,6,1939
-27,-70.5,CHILE,7.4,4,18,1939
32.3,132,JAPAN,6.6,3,20,1939
36.7,142.1,JAPAN,6.9,11,22,1938
37,141.5,JAPAN,6,11,13,1938
-24.8,-176.6,TONGA,7.2,12,18,1963
52.47,-168.54,USA,6.5,12,21,1962
42.7,145.7,JAPAN,6.9,11,15,1961
-4.5,104,INDONESIA,6.5,4,21,1958
-22,-71,CHILE,7.3,10,4,1940
37,142.2,JAPAN,7,11,30,1938
-5,102.75,INDONESIA,7.4,9,25,1931
-39.5,177,NEW ZEALAND,,2,19,1931
-28,-71,CHILE,6,12,9,1926
18.5,-107,MEXICO,7,11,16,1925
-28,-72,CHILE,7,11,7,1922
49,-125,CANADA,5.8,2,9,1928
55.663,160.039,RUSSIA,7.5,12,28,1927
-44.6,-73,CHILE,7.1,11,21,1927
37.9,142,JAPAN,6.9,8,5,1927
-9.674,159.519,SOLOMON ISLANDS,6.9,9,16,1926
20.5,-155.5,USA,,3,20,1926
60,-146,USA,6,2,23,1925
-8,115,INDONESIA,,1,8,1925
16,118,PHILIPPINES,6.5,5,6,1924
6.5,126.5,PHILIPPINES,8.3,4,14,1924
49.179,142.436,RUSSIA,6.8,3,15,1924
-4.539,153.107,PAPUA NEW GUINEA,7.1,11,4,1923
-4.653,154.232,PAPUA NEW GUINEA,7.1,11,2,1923
9.3,125,PHILIPPINES,5.5,7,18,1923
35.4,141.8,JAPAN,7.3,6,1,1923
6.5,124,PHILIPPINES,7.2,3,2,1923
40.8,-124.5,USA,7.2,1,22,1923
-43,173,NEW ZEALAND,6.3,12,25,1922
5.5,95.2,INDONESIA,,7,8,1922
-5.1,153.1,PAPUA NEW GUINEA,,3,6,1938
56,162.5,RUSSIA,5.7,9,21,1937
38.2,142.2,JAPAN,7.7,11,2,1936
-24.5,-70,CHILE,7.3,7,13,1936
5.5,94,INDONESIA,6.5,11,25,1935
40.7,144.3,JAPAN,7,10,18,1935
39.9,143.7,JAPAN,7.2,10,12,1935
36.6,141.4,JAPAN,6.5,7,19,1935
-11.139,165.503,SOLOMON ISLANDS,7.2,7,21,1934
-2,-81,ECUADOR,6.9,10,2,1933
38.1,142.4,JAPAN,7.1,6,18,1933
10.5,-64.2,VENEZUELA,,11,4,1932
-39,177.5,NEW ZEALAND,6.8,9,15,1932
-3.57,128.35,INDONESIA,6.2,9,9,1932
-32.5,-72,CHILE,7.1,3,18,1931
-39.5,177,NEW ZEALAND,7.1,2,13,1931
-28.5,-71,CHILE,6,12,29,1930
-4.423,145.46,PAPUA NEW GUINEA,6.6,9,30,1930
1.2,124.57,INDONESIA,,9,11,1930
-9.3,114.3,INDONESIA,6.5,7,19,1930
-5.6,105.3,INDONESIA,6,6,19,1930
51,-131,CANADA,7,5,26,1929
31.7,132.2,JAPAN,7.1,5,21,1929
-22.5,-70.5,CHILE,7.1,11,20,1928
-5.5,-79,PERU,7,7,18,1928
-19.83,-174.36,TONGA,,5,18,1928
40.8,26.8,TURKEY,4.3,5,3,1928
-13,-69.5,PERU,6.8,4,27,1928
-19.5,-69.5,CHILE,6.9,12,4,1934
32.3,132.5,JAPAN,7.5,4,1,1968
39.368,24.957,GREECE,7.2,2,19,1968
-4.4,152.5,PAPUA NEW GUINEA,6.4,8,13,1967
5.5,97.3,INDONESIA,6.1,4,12,1967
-25.5,-70.7,CHILE,7.8,12,28,1966
-10.748,-78.638,PERU,8.1,10,17,1966
-10.343,160.883,SOLOMON ISLANDS,7.1,6,15,1966
24.1,122.6,TAIWAN,7.6,3,12,1966
16.3,-95.8,MEXICO,7.8,8,23,1965
50.32,177.93,USA,7.6,3,30,1965
51.29,178.55,USA,8.7,2,4,1965
-5.7,150.7,PAPUA NEW GUINEA,7.6,11,17,1964
5.8,95.4,INDONESIA,7,4,2,1964
44.772,150.563,RUSSIA,7.9,10,20,1963
44.772,149.798,RUSSIA,8.5,10,13,1963
-10.385,-78.022,PERU,7,9,24,1963
24.4,122.1,TAIWAN,7.3,2,13,1963
17.2,-99.5,MEXICO,7.2,5,19,1962
17.2,-99.6,MEXICO,7,5,11,1962
31.6,131.8,JAPAN,7.6,2,26,1961
-37.872,-73.243,CHILE,8.2,5,21,1960
30.5,-9.5,MOROCCO,6.8,2,29,1960
-15.75,-72.75,PERU,7.8,1,13,1960
-7.5,156,SOLOMON ISLANDS,7.3,8,17,1959
52.5,159.5,RUSSIA,8.2,5,4,1959
44.53,148.54,RUSSIA,8.3,11,6,1958
16.5,-99.1,MEXICO,7.9,7,28,1957
-1.5,137,INDONESIA,7.3,6,22,1957
39.5,23,GREECE,5.8,11,2,1956
-3.4,-80.6,PERU,7.4,12,12,1953
34,141.7,JAPAN,7.4,11,25,1953
-36.5,-72.5,CHILE,7.6,5,6,1953
9.5,127.25,PHILIPPINES,7.8,3,19,1952
41.7,143.6,JAPAN,7,3,9,1952
19.5,-156,USA,6.9,8,21,1951
16.48,-98.22,MEXICO,7.5,12,14,1950
-14.25,-77.75,PERU,7,12,10,1950
11,-85,COSTA RICA,7.7,10,5,1950
28.5,96.5,INDIA,8.6,8,15,1950
10.5,-68,VENEZUELA,6.8,8,3,1950
-54,-71,CHILE,7.8,12,17,1949
53.6,-133.3,CANADA,8.1,8,22,1949
38.718,26.482,GREECE,6.5,7,23,1949
-38,-73.5,CHILE,7.3,4,20,1949
47.167,-122.617,USA,7,4,13,1949
22,-106,MEXICO,6.9,12,3,1948
-21,-174,TONGA,7.8,9,8,1948
38.532,20.427,GREECE,6.5,4,22,1948
35.5,27.2,GREECE,7.1,2,9,1948
37,22,GREECE,6.9,10,6,1947
-26.5,-70.5,CHILE,7.9,8,2,1946
34.7,137.2,JAPAN,7.1,1,12,1945
-30.75,-72,CHILE,8.2,4,6,1943
-15,-76,PERU,8.2,8,24,1942
4.6,-74.5,COLOMBIA,5.8,5,22,1942
8.7,-83.2,COSTA RICA,7.6,12,5,1941
11.94,92.626,INDIA,8,6,26,1941
-10.5,-77,PERU,8.2,5,24,1940
0,123,INDONESIA,8,12,21,1939
5.18,-0.13,GHANA,6.4,6,22,1939
40.1,139.5,JAPAN,7,5,1,1939
-7.08,155.386,PAPUA NEW GUINEA,7.7,1,30,1939
-36.25,-72.25,CHILE,8.3,1,25,1939
55.48,-158.37,USA,8.2,11,10,1938
37.5,141.8,JAPAN,7.5,11,6,1938
37.2,141.7,JAPAN,7.6,11,5,1938
37.1,141.7,JAPAN,7.7,11,5,1938
25.321,125.115,JAPAN,7.6,6,10,1938
-6,147.8,PAPUA NEW GUINEA,7.5,5,12,1938
-5.25,130.5,INDONESIA,8.5,2,1,1938
14.5,121.5,PHILIPPINES,7.5,8,20,1937
55.2,164,RUSSIA,7.3,11,13,1936
6.1,94.7,INDONESIA,7.3,8,23,1936
4.5,126.5,INDONESIA,7.7,4,1,1936
0.001,98.25,INDONESIA,7.9,12,28,1935
-3.824,141.416,PAPUA NEW GUINEA,7.8,9,20,1935
29.5,66.8,PAKISTAN,7.5,5,30,1935
-11.907,166.731,SOLOMON ISLANDS,7.8,7,18,1934
8,-82.5,PANAMA,7.7,7,18,1934
17.5,119,PHILIPPINES,7.9,2,14,1934
26.773,86.76,NEPAL,8,1,15,1934
36.759,27.299,GREECE,6.4,4,23,1933
33.616,-117.966,USA,6.3,3,11,1933
-20,-71,CHILE,7.6,2,23,1933
40.5,23.9,GREECE,6.9,9,26,1932
19.081,-103.631,MEXICO,7.8,6,18,1932
20,-75.8,CUBA,6.7,2,3,1932
32.2,132.1,JAPAN,7.1,11,2,1931
41.2,142.5,JAPAN,7.6,3,9,1931
-39.772,176.025,NEW ZEALAND,7.7,2,2,1931
-41.75,172.25,NEW ZEALAND,7.5,6,16,1929
8.5,127,PHILIPPINES,7.2,6,13,1929
50.88,-169.71,USA,7.8,3,7,1929
10.6,-65.6,VENEZUELA,6.9,1,17,1929
-35,-72,CHILE,7.6,12,1,1928
16.028,-97.036,MEXICO,7.7,6,17,1928
12.4,120.9,PHILIPPINES,7,6,15,1928
38,23,GREECE,6,4,22,1928
38.1,27.4,GREECE,6.5,3,31,1928
15.67,-96.1,MEXICO,7.7,3,22,1928
34.813,-120.774,USA,7.3,11,4,1927
35.6,135.1,JAPAN,7.6,3,7,1927
-0.7,100.6,INDONESIA,5.8,6,28,1926
12.2,122.1,PHILIPPINES,6.3,5,25,1925
8.5,126.5,PHILIPPINES,7.3,8,30,1924
-56,157.5,AUSTRALIA,7.8,6,26,1924
34.9,140.2,JAPAN,7.7,9,2,1923
54,161,RUSSIA,8.3,2,3,1923
38.31,22.02,GREECE,,2,7,1963
12.77,124.05,PHILIPPINES,,12,25,1933
-4.271,152.203,PAPUA NEW GUINEA,,5,29,1937
-18.3,178.2,FIJI,6.4,9,14,1953
34.03,-118.643,USA,5.2,8,31,1930
38.267,22.3,GREECE,6.3,7,6,1965
44.2,139.5,JAPAN,7.5,8,1,1940
43.6,144.3,JAPAN,6.1,5,28,1938
-1.3,144.3,PAPUA NEW GUINEA,6.5,12,23,1930
-3.7,119.3,INDONESIA,5.5,4,11,1967
38.65,139.2,JAPAN,7.5,6,16,1964
58.37,-136.665,USA,7.8,7,10,1958
1.5,-79.5,ECUADOR,7.6,1,19,1958
51.292,-175.629,USA,8.6,3,9,1957
36.9,26,GREECE,7.8,7,9,1956
-30,-72,CHILE,7.1,4,19,1955
42.15,143.85,JAPAN,8.1,3,4,1952
-3.8,128.3,INDONESIA,7.6,10,8,1950
17,121.63,PHILIPPINES,7.2,12,29,1949
10.5,122,PHILIPPINES,8.3,1,24,1948
32,132.1,JAPAN,7.4,11,18,1941
-9.295,159.234,SOLOMON ISLANDS,7.9,4,30,1939
-1,120,INDONESIA,7.6,5,19,1938
19.623,-103.919,MEXICO,8.1,6,3,1932
-10.932,161.016,SOLOMON ISLANDS,7.8,10,3,1931
44.69,-56,CANADA,7.3,11,18,1929
7,124,PHILIPPINES,7.3,12,19,1928
-13,-69.6,PERU,6.9,4,9,1928
-0.7,119.7,INDONESIA,6.3,12,1,1927
32.5,-115.5,USA,5.7,1,1,1927
56.5,162.5,RUSSIA,7.2,4,13,1923
13,125,PHILIPPINES,7.3,11,13,1925
40.8,143.2,JAPAN,8.2,5,16,1968
-2.4,126.1,INDONESIA,7.6,1,24,1965
-6.8,-80.7,PERU,6.8,11,20,1960
19.5,-69.5,DOMINICAN REPUBLIC,7.5,8,8,1946
19.242,-104.383,MEXICO,7.7,6,22,1932
-28.553,-70.755,CHILE,8.7,11,11,1922
14.002,120.993,PHILIPPINES,,9,28,1965
35,128,SOUTH KOREA,,7,,1926
-8.32,121.708,INDONESIA,,8,4,1928
10,138,"MICRONESIA, FED. STATES OF",,12,22,1925
61.017,-147.648,USA,9.2,3,28,1964
53.492,-162.832,USA,8.6,4,1,1946
35.1,139.5,JAPAN,7.9,9,1,1923
39.224,144.622,JAPAN,8.4,3,2,1933
34,137.1,JAPAN,8.1,12,7,1944
24.5,63,PAKISTAN,8,11,27,1945
19.25,-69,DOMINICAN REPUBLIC,7.9,8,4,1946
33,135.6,JAPAN,8.1,12,20,1946
52.755,160.057,RUSSIA,9,11,4,1952
-38.143,-73.407,CHILE,9.5,5,22,1960
40.77,29.9,TURKEY,,8,24,358
42.35,-82.95,USA,,9,19,1884
38.083,-75.208,USA,,9,3,1821
38.933,-74.9,USA,,9,14,1944
37.133,26.833,GREECE,,5,7,1991
7,126,PHILIPPINES,,5,,1990
38.367,22.083,GREECE,,1,1,1996
40.8,-73.1,USA,,5,19,1964
-5.52,148.121,PAPUA NEW GUINEA,,10,17,1974
39.314,-74.525,USA,,6,9,1913
16.72,-62.18,MONTSERRAT,,12,26,1997
-10.38,165.8,SOLOMON ISLANDS,,9,6,1971
43.5,-78,USA,,10,4,1755
-6.7,147,PAPUA NEW GUINEA,,8,26,1972
54.05,159.43,RUSSIA,,1,2,1996
22.8,-80.4,CUBA,,12,1,1931
44.233,-68.35,USA,,1,9,1926
40.3,-74,USA,,,,1944
34.5,-120.65,USA,,11,4,2000
-4.238,152.214,PAPUA NEW GUINEA,,9,19,1994
43.1,-82.4,USA,,5,6,1952
42,-81,USA,,4,13,1912
14.82,-61.17,MARTINIQUE (FRENCH TERRITORY),,5,20,1902
39.95,-74.12,USA,,9,21,1938
54.841,162.035,RUSSIA,,12,14,1997
40.567,-73.983,USA,,8,8,1924
-35.616,20.267,SOUTH AFRICA,,5,11,1981
41.28,-70.08,USA,,,,1879
-5.52,148.121,PAPUA NEW GUINEA,,10,9,1972
11.517,-69.5,VENEZUELA,5,9,3,1979
10.6,-66.95,VENEZUELA,,,,1906
40.9,27.6,TURKEY,7,,,557
23.722,121.627,TAIWAN,6.3,12,13,1990
46.4,141.1,RUSSIA,6,9,27,1971
35.6,-90.4,USA,8,12,16,1811
8.9,-73.4,COLOMBIA,6.5,6,16,1961
23.346,124.09,JAPAN,6.4,3,26,2002
-22.1,-176.77,TONGA,7.7,10,14,1997
-14.074,167.828,VANUATU,6.7,7,6,1987
-10.717,162.33,SOLOMON ISLANDS,6.3,6,18,1987
38.396,22.094,GREECE,5.4,2,11,1984
-9.828,163.323,SOLOMON ISLANDS,6.8,4,20,1977
31.448,140.036,JAPAN,5.5,6,13,1984
40.667,-74.883,USA,4.3,9,1,1895
42.7,-79,USA,,5,30,1823
39.95,-75.1,USA,,1,8,1817
36.988,141.689,JAPAN,6.7,2,6,1987
18.986,-68.833,USA TERRITORY,4.4,11,1,1989
23.954,122.734,TAIWAN,6.8,12,18,2001
-3.12,127.4,INDONESIA,6.7,1,28,2004
37.812,142.619,JAPAN,7,10,31,2003
31.885,131.468,JAPAN,6.7,10,19,1996
-28.906,-71.417,CHILE,6.7,11,1,1995
43.905,147.916,RUSSIA,7.3,10,9,1994
40.608,143.683,JAPAN,6.4,4,8,1994
33.267,138.643,JAPAN,6.5,9,23,1990
36.194,141.702,JAPAN,7.2,7,23,1982
40.232,143.703,JAPAN,6.4,2,20,1979
44.026,149.002,RUSSIA,6.7,3,22,1978
-7.4,155.6,SOLOMON ISLANDS,7.1,2,1,1974
-6.6,146.9,PAPUA NEW GUINEA,5.4,8,2,1969
43.84,39.34,RUSSIA,5.1,12,4,1970
55.867,161.287,RUSSIA,7.1,8,17,1983
46.3,140.9,RUSSIA,6.2,9,8,1971
37,-89.4,USA,6.7,10,31,1895
10.46,-67.77,VENEZUELA,,11,12,1916
8.96,-79.53,PANAMA,,10,13,1873
16,-88,HONDURAS,7.5,8,4,1856
10.3,-64.5,VENEZUELA,,8,15,1802
42.9,-78.3,USA,,8,12,1929
40.6,-73.75,USA,5.5,8,10,1884
40.5,-73.9,USA,,6,18,1871
39.8,-75.2,USA,5.2,11,11,1840
-9.265,118.479,INDONESIA,6.6,3,11,1982
39.77,39.533,TURKEY,7.7,12,26,1939
44.4,34.4,UKRAINE,6,6,26,1927
44.5,37.5,RUSSIA,5.1,10,4,1905
22.306,125.308,TAIWAN,7.5,5,3,1998
31.789,131.314,JAPAN,6.7,12,2,1996
-22.118,-113.436,CHILE,6.9,9,5,1996
31.555,139.931,JAPAN,5.7,9,4,1996
51.478,-176.847,USA,7.3,6,10,1996
15.978,-98.07,MEXICO,7.1,2,25,1996
28.094,130.148,JAPAN,6.8,10,19,1995
27.929,130.175,JAPAN,7.1,10,18,1995
12.047,125.92,PHILIPPINES,6.8,4,21,1995
12.059,125.58,PHILIPPINES,7.2,4,21,1995
40.402,-125.68,USA,7,9,1,1994
51.934,158.647,RUSSIA,7,11,13,1993
41.985,139.839,JAPAN,6.3,8,7,1993
39.419,143.33,JAPAN,7,7,18,1992
18,108,CHINA,3.7,1,5,1992
45.533,151.021,RUSSIA,7.6,12,22,1991
-9.094,158.442,SOLOMON ISLANDS,7.2,10,14,1991
58.427,-175.45,USA,6.7,2,21,1991
48.268,154.328,RUSSIA,5.7,2,16,1991
-9.929,159.139,SOLOMON ISLANDS,6.9,2,9,1991
34.706,139.252,JAPAN,6.4,2,20,1990
39.571,143.333,JAPAN,6.5,10,29,1989
55.543,-156.835,USA,7.1,9,4,1989
18.606,121.013,PHILIPPINES,5.4,6,24,1988
-24.753,-70.433,CHILE,7.2,2,5,1988
58.586,-143.27,USA,7.2,11,17,1987
-7.288,154.371,PAPUA NEW GUINEA,7,10,12,1987
-17.94,-172.225,TONGA,7.3,10,6,1987
37.447,137.865,JAPAN,5.1,3,24,1987
52.327,-174.504,USA,6.4,5,17,1986
34.006,141.5,JAPAN,6.9,9,18,1984
44.117,148.192,RUSSIA,7.2,3,24,1984
41.346,139.099,JAPAN,6.9,6,21,1983
40.249,138.948,JAPAN,5.9,6,9,1983
-4.056,127.924,INDONESIA,6.9,3,12,1983
33.826,139.434,JAPAN,6.4,12,28,1982
4.374,97.755,INDONESIA,5.4,2,24,1982
38.64,142.75,JAPAN,6.9,1,18,1981
43.53,146.753,RUSSIA,7,2,23,1980
60.691,-141.671,USA,7.5,2,28,1979
22.282,121.512,TAIWAN,7.4,7,23,1978
8.249,122.403,PHILIPPINES,6.9,6,14,1978
-25.856,-175.406,TONGA,7.2,10,10,1977
-1.081,146.23,PAPUA NEW GUINEA,5.5,8,28,1977
44.915,149.123,RUSSIA,7,1,21,1976
43.024,147.734,RUSSIA,7,6,10,1975
-29.9,-71.3,CHILE,6.9,3,13,1975
43.2,146.7,RUSSIA,6.7,9,27,1974
-38.5,-73.4,CHILE,7.1,8,18,1974
-7.5,155.9,SOLOMON ISLANDS,7,1,31,1974
-30.6,-71,CHILE,5.4,12,29,1972
-6,152.9,PAPUA NEW GUINEA,7.1,8,17,1972
-30.5,-71.8,CHILE,6.6,6,8,1972
51.5,179.1,USA,5.7,11,6,1971
-6.5,146.6,PAPUA NEW GUINEA,7,9,25,1971
46.4,141.1,RUSSIA,6.6,9,8,1971
46.7,141.4,RUSSIA,5.5,9,6,1971
41.4,143.5,JAPAN,7.3,8,2,1971
51.228,-177.173,USA,7.1,5,2,1971
-20.94,-69.81,CHILE,6,11,28,1970
32.2,131.7,JAPAN,7,7,25,1970
-22.28,-70.55,CHILE,6.4,6,19,1970
-52,-73.8,CHILE,6,6,14,1970
32.2,132.1,JAPAN,6.5,4,21,1969
33.3,132.2,JAPAN,6.5,8,5,1968
30.568,131.093,JAPAN,6.6,10,18,1996
-11.122,165.239,SOLOMON ISLANDS,7.1,5,27,1992
56.194,163.46,RUSSIA,6.8,12,28,1984
-44.64,173.62,NEW ZEALAND,5.1,9,28,1970
35.5,25.5,GREECE,6.7,11,8,1612
19,-72.3,HAITI,,3,,1775
42.35,-71.05,USA,,4,13,1668
44.9,35.5,UKRAINE,5.7,6,5,1615
40.8,29.2,TURKEY,,9,25,478
41,29,TURKEY,6.6,4,1,407
33.184,137.071,JAPAN,7.4,9,5,2004
33.07,136.618,JAPAN,7.2,9,5,2004
51.146,178.65,USA,7.8,11,17,2003
36.964,3.634,ALGERIA,6.8,5,21,2003
18.77,-104.104,MEXICO,7.5,1,22,2003
-10.491,160.77,SOLOMON ISLANDS,7.3,1,20,2003
-1.757,134.297,INDONESIA,7.6,10,10,2002
13.036,93.068,INDIA,6.5,9,13,2002
-3.26,142.94,PAPUA NEW GUINEA,7.6,9,8,2002
24.279,122.179,TAIWAN,7.1,3,31,2002
6.033,124.249,PHILIPPINES,7.5,3,5,2002
-17.6,167.856,VANUATU,7.2,1,2,2002
-4.001,152.327,PAPUA NEW GUINEA,8,11,16,2000
34.221,139.131,JAPAN,6.1,7,1,2000
-13.802,97.453,AUSTRALIA,7.9,6,18,2000
-1.105,123.573,INDONESIA,7.6,5,4,2000
54.841,162.035,RUSSIA,7.8,12,5,1997
10.598,-63.486,VENEZUELA,7,7,9,1997
-12.584,166.676,SOLOMON ISLANDS,7.7,4,21,1997
-14.993,-75.675,PERU,7.7,11,12,1996
51.564,-177.632,USA,7.9,6,10,1996
44.663,149.3,RUSSIA,7.9,12,3,1995
28.826,34.799,EGYPT,7.2,11,22,1995
16.779,-98.597,MEXICO,7.4,9,14,1995
-5.799,154.178,PAPUA NEW GUINEA,7.7,8,16,1995
-23.34,-70.294,CHILE,8,7,30,1995
38.401,22.283,GREECE,6.5,6,15,1995
52.629,142.827,RUSSIA,7.1,5,27,1995
-23.008,169.9,NEW CALEDONIA,7.7,5,16,1995
-15.199,-173.529,SAMOA,7.4,4,7,1995
34.583,135.018,JAPAN,6.9,1,16,1995
40.525,143.419,JAPAN,7.8,12,28,1994
43.773,147.321,RUSSIA,8.3,10,4,1994
1.015,127.733,INDONESIA,7,1,21,1994
34.213,-118.537,USA,6.7,1,17,1994
12.982,144.801,USA TERRITORY,7.8,8,8,1993
51.218,157.829,RUSSIA,7.5,6,8,1993
37.634,137.245,JAPAN,6.3,2,7,1993
7.191,126.762,PHILIPPINES,7.3,5,17,1992
40.368,-124.316,USA,7.2,4,25,1992
37.3,15.438,ITALY,5.3,12,13,1990
15.125,147.596,USA TERRITORY,7.5,4,5,1990
9.919,-84.808,COSTA RICA,7,3,25,1990
39.837,142.76,JAPAN,7.4,11,1,1989
37.036,-121.883,USA,6.9,10,18,1989
19.362,-155.083,USA,6.5,6,26,1989
-52.341,160.568,AUSTRALIA,8.1,5,23,1989
-5.964,148.78,PAPUA NEW GUINEA,6.8,7,5,1988
57.262,-142.747,USA,7.8,3,6,1988
58.679,-142.786,USA,7.9,11,30,1987
-6.266,149.06,PAPUA NEW GUINEA,7.4,10,16,1987
32.034,131.837,JAPAN,6.7,3,18,1987
-24.388,-70.161,CHILE,7.6,3,5,1987
-6.088,147.689,PAPUA NEW GUINEA,7.4,2,8,1987
-28.117,-176.367,NEW ZEALAND,7.8,10,20,1986
51.52,-174.776,USA,8,5,7,1986
17.802,-101.647,MEXICO,7.6,9,21,1985
18.19,-102.533,MEXICO,8,9,19,1985
-4.439,152.828,PAPUA NEW GUINEA,7.3,7,3,1985
-9.245,114.185,INDONESIA,6.2,4,13,1985
17.013,-62.448,GUADELOUPE (FRENCH TERRITORY),6.4,3,16,1985
-33.132,-71.708,CHILE,8,3,3,1985
32.386,131.945,JAPAN,7,8,6,1984
-2.823,118.806,INDONESIA,6.8,1,8,1984
-6.852,72.11,UK TERRITORY,7.7,11,30,1983
-26.535,-70.563,CHILE,7.7,10,4,1983
18.231,120.86,PHILIPPINES,6.6,8,17,1983
40.142,24.766,GREECE,7,8,6,1983
-4.883,153.581,PAPUA NEW GUINEA,7.9,3,18,1983
-24.133,-175.864,TONGA,7.5,12,19,1982
42.158,142.361,JAPAN,6.9,3,21,1982
18.084,-102.084,MEXICO,7.3,10,25,1981
-48.786,164.357,NEW ZEALAND,7.6,5,25,1981
38.222,22.934,GREECE,6.7,2,24,1981
-12.525,165.916,SOLOMON ISLANDS,7.9,7,17,1980
34.808,139.181,JAPAN,6.2,6,29,1980
-16.76,179.984,FIJI,6.9,11,16,1979
42.096,19.209,MONTENEGRO,6.9,4,15,1979
17.813,-101.276,MEXICO,7.6,3,14,1979
16.01,-96.591,MEXICO,7.8,11,29,1978
40.739,23.229,GREECE,6.4,6,20,1978
38.19,142.03,JAPAN,7.7,6,12,1978
44.244,148.862,RUSSIA,7.6,3,24,1978
44.932,148.439,RUSSIA,7.5,3,23,1978
44.209,148.971,RUSSIA,6.8,3,23,1978
34.809,139.259,JAPAN,6.6,1,14,1978
-22.878,-175.9,TONGA,7.2,6,22,1977
-9.965,160.731,SOLOMON ISLANDS,8.1,4,21,1977
-16.696,-172.095,SAMOA,7.6,4,2,1977
15.324,-89.101,GUATEMALA,7.5,2,4,1976
-28.427,-177.657,NEW ZEALAND,8,1,14,1976
-16.265,-172.467,SAMOA,7.8,12,26,1975
-6.59,155.054,PAPUA NEW GUINEA,7.9,7,20,1975
-5,130,INDONESIA,5.9,1,15,1975
35.1,72.9,PAKISTAN,6.2,12,28,1974
-12.27,-77.79,PERU,8.1,10,3,1974
34.6,138.7,JAPAN,6.7,5,8,1974
-32.5,-71.5,CHILE,6.7,10,5,1973
43.3,146.4,RUSSIA,7.1,6,24,1973
43.2,145.8,JAPAN,7.7,6,17,1973
50.5,156.6,RUSSIA,7.2,2,28,1973
18.48,-103,MEXICO,7.5,1,30,1973
33.3,140.7,JAPAN,7.4,12,4,1972
6.5,126.6,PHILIPPINES,7.4,12,2,1972
56.82,-135.685,USA,7.6,7,30,1972
33.3,140.8,JAPAN,7.4,2,29,1972
22.5,122.3,TAIWAN,7.5,1,25,1972
56,163.3,RUSSIA,7.8,12,15,1971
46.5,141.2,RUSSIA,7.1,9,5,1971
-4.9,153.2,PAPUA NEW GUINEA,7.9,7,26,1971
-32.5,-71.2,CHILE,7.8,7,9,1971
20.6,122,PHILIPPINES,5.3,9,30,1970
-9.2,-78.8,PERU,7.9,5,31,1970
15.78,121.71,PHILIPPINES,7.3,4,7,1970
6.8,126.7,PHILIPPINES,7.6,1,10,1970
15.8,-59.7,GUADELOUPE (FRENCH TERRITORY),7.2,12,25,1969
57.7,163.6,RUSSIA,7.7,11,22,1969
43.6,147.9,RUSSIA,8.2,8,11,1969
36.017,-10.95,PORTUGAL,7.8,2,28,1969
15.6,-92.6,MEXICO,7,9,25,1968
10.5,-62.6,VENEZUELA,6.2,9,20,1968
1.4,126.2,INDONESIA,7.6,8,10,1968
-30.8,-178.4,NEW ZEALAND,7.3,7,25,1968
39.4,143.1,JAPAN,7.2,6,12,1968
41.5,142.7,JAPAN,7.5,5,16,1968
-11.893,166.445,SOLOMON ISLANDS,7.8,12,31,1966
44.75,37,RUSSIA,5.5,7,12,1966
44.712,-111.215,USA,7.5,8,18,1959
-4.449,152.868,PAPUA NEW GUINEA,7.4,4,23,1953
44.4,34.5,UKRAINE,6.8,9,11,1927
40.5,27.2,TURKEY,7.8,8,9,1912
32.9,-80,USA,7.3,9,1,1886
40.8,20.9,TURKEY,6.7,4,19,1878
15.4,-96.3,MEXICO,7.9,5,11,1870
44.75,35,UKRAINE,5.6,10,11,1869
36.5,-89.6,USA,8.8,2,7,1812
36.3,-89.6,USA,8.4,1,23,1812
40.8,29,TURKEY,6.5,5,22,1766
35.6,-90.4,USA,8.5,12,16,1811
39.35,-74.417,USA,,8,19,1931
43.7,7.25,FRANCE,,10,16,1979
59.5,-135.3,USA,,11,4,1994
40.6,-73.5,USA,,8,6,1923
41.7,-86.883,USA,,6,26,1954
41.815,143.91,JAPAN,8.3,9,25,2003
-16.265,-73.641,PERU,8.4,6,23,2001
-16.423,168.214,VANUATU,7.5,11,26,1999
-9.593,-79.587,PERU,7.5,2,21,1996
0.729,119.931,INDONESIA,7.9,1,1,1996
19.055,-104.205,MEXICO,8,10,9,1995
-8.452,125.049,INDONESIA,6.9,5,14,1995
-1.258,127.98,INDONESIA,6.8,10,8,1994
9.685,-83.073,COSTA RICA,7.6,4,22,1991
-10.258,160.896,SOLOMON ISLANDS,7.6,8,10,1988
25.149,95.127,BANGLADESH,7.2,8,6,1988
-14.96,-173.085,SAMOA,7.7,9,1,1981
19.451,-155.033,USA,7.7,11,29,1975
12.54,125.993,PHILIPPINES,7.6,10,31,1975
-5.5,153.9,PAPUA NEW GUINEA,7.9,7,14,1971
-4.907,145.471,PAPUA NEW GUINEA,7.3,10,31,1970
16.5,122.2,PHILIPPINES,7.3,8,1,1968
-1.679,136.04,INDONESIA,7.9,9,12,1979
13.525,121.067,PHILIPPINES,7.1,11,14,1994
40.462,139.102,JAPAN,7.8,5,26,1983
0.2,119.8,INDONESIA,7.8,8,14,1968
40.76,29.97,TURKEY,7.6,8,17,1999
-0.891,136.952,INDONESIA,8.2,2,17,1996
-10.477,112.835,INDONESIA,7.8,6,2,1994
42.851,139.197,JAPAN,7.7,7,12,1993
11.727,-87.386,NICARAGUA,7.7,9,2,1992
1.598,-79.358,COLOMBIA,7.7,12,12,1979
-11.085,118.464,INDONESIA,8,8,19,1977
-3.1,118.9,INDONESIA,6.9,2,23,1969
6.292,124.09,PHILIPPINES,8,8,16,1976
-8.48,121.896,INDONESIA,7.8,12,12,1992
-2.943,142.582,PAPUA NEW GUINEA,7,7,17,1998
3.316,95.854,INDONESIA,9.1,12,26,2004
-8.6,123.5,INDONESIA,,7,18,1979
34.4,-119.7,USA,,3,25,1806
34.064,141.491,JAPAN,6.6,1,19,2005
-1.644,99.607,INDONESIA,6.7,4,10,2005
2.085,97.108,INDONESIA,8.6,3,28,2005
41.301,-125.97,USA,7.2,6,15,2005
38.276,142.039,JAPAN,7.2,8,16,2005
-9.89,160.348,SOLOMON ISLANDS,7.6,4,20,1977
35.997,-17.649,ATLANTIC OCEAN,7.7,5,26,1975
44.14,149.029,RUSSIA,6.6,3,22,1978
38.4,14.967,ITALY,,4,20,1988
-62.877,149.527,ANTARCTICA,8.1,3,25,1998
-2.071,124.891,INDONESIA,7.7,11,29,1998
13.752,124.358,PHILIPPINES,7.1,1,11,1982
38.107,144.896,JAPAN,7,11,14,2005
58.64,-137.57,USA,,5,,1874
10.5,-66.916,VENEZUELA,,1,31,1906
-10.362,112.892,INDONESIA,6.6,6,3,1994
-10.341,113.369,INDONESIA,6.1,6,5,1994
15.679,-61.706,GUADELOUPE (FRENCH TERRITORY),6.3,11,21,2004
16.722,-62.18,MONTSERRAT,,7,12,2003
41.31,-72.92,USA,,12,21,1884
34.2,129.3,JAPAN,7,4,16,1700
19.9,-76,CUBA,,2,11,1775
-20.187,-174.123,TONGA,8,5,3,2006
35.8,-5.83,MOROCCO,,5,6,1773
38.3,15.967,ITALY,6.9,2,5,1783
66,-18.25,ICELAND,,6,3,1934
14,143.3,USA TERRITORY,,2,10,1903
46.5,-53.7,CANADA,,6,27,1864
52.616,-55.766,CANADA,,9,24,1848
58.6,-137.5,USA,,8,11,1900
44.633,-63.583,CANADA,,12,6,1917
-9.254,107.411,INDONESIA,7.7,7,17,2006
37.3,15.03,ITALY,7,2,4,1169
59.37,-153.42,USA,,,,1540
14.82,-61.17,MARTINIQUE (FRENCH TERRITORY),,5,5,1902
14,143.3,USA TERRITORY,,,,1767
13.33,-61.18,SAINT VINCENT AND THE GRENADINES,,5,7,1902
10.1,-83.3,COSTA RICA,,4,10,1821
37.7,26.3,GREECE,,1,4,1991
53.98,-128.68,CANADA,,4,27,1975
-27.15,-109.45,CHILE,,5,4,1968
38.789,15.213,ITALY,,12,30,2002
16.722,-62.18,MONTSERRAT,,1,20,1999
16.722,-62.18,MONTSERRAT,,5,20,2006
14,143.3,USA TERRITORY,,,,1809
42,16,ITALY,,6,21,1978
46.592,153.266,RUSSIA,8.3,11,15,2006
-22.107,169.35,NEW CALEDONIA,6.1,12,27,2003
49.277,-128.772,CANADA,6.6,11,2,2004
33,135.5,JAPAN,8.4,2,22,1099
-16.592,-172.033,SAMOA,6.9,9,28,2006
17.97,-76.8,JAMAICA,,2,19,1893
34.22,25.69,GREECE,5.5,4,5,2000
38.026,20.228,GREECE,7.2,1,17,1983
34.53,24.437,GREECE,5.6,5,15,1979
41.956,19.023,MONTENEGRO,5.3,4,9,1979
3.9,-77.033,COLOMBIA,,2,21,1906
-49.312,161.345,AUSTRALIA,8.1,12,23,2004
43.006,145.119,JAPAN,7,11,28,2004
-8.152,124.868,INDONESIA,7.5,11,11,2004
-45.104,167.144,NEW ZEALAND,7.2,8,21,2003
36.788,2.448,ALGERIA,5.9,10,29,1989
36.195,1.354,ALGERIA,7.7,10,10,1980
14,143.3,USA TERRITORY,,4,,1825
33.5,135.2,JAPAN,7.5,9,20,1498
-3.595,127.214,INDONESIA,6.7,3,14,2006
14.002,120.993,PHILIPPINES,,11,15,1754
19.077,122.202,PHILIPPINES,,3,21,1969
33.5,138.5,JAPAN,7.9,2,3,1605
34.1,137.8,JAPAN,8.4,10,28,1707
39.4,24,GREECE,6.3,3,9,1965
46.243,154.524,RUSSIA,8.1,1,13,2007
46.2,-122.18,USA,,5,18,1980
-20.617,169.357,VANUATU,7.1,3,25,2007
37.336,136.588,JAPAN,6.7,3,25,2007
31.959,141.878,JAPAN,6.2,9,30,1997
-12.334,166.684,SOLOMON ISLANDS,7.2,12,31,1966
19.878,-155.935,USA,6.7,10,15,2006
-19.6,-70.2,CHILE,,6,25,1869
47.286,-122.445,USA,,11,28,1894
-8.46,157.044,SOLOMON ISLANDS,8.1,4,1,2007
36.3,28.3,GREECE,7.2,,,-227
40.821,14.426,ITALY,,6,30,1714
36.2,28.5,GREECE,7.3,1,31,1741
37.734,15.004,ITALY,,2,11,1169
46.6,13.8,ITALY,,1,25,1348
41.5,14.467,ITALY,6.6,7,26,1805
41.51,15.5,ITALY,,3,20,1731
37.15,15.1,ITALY,,1,,1699
40.821,14.426,ITALY,,5,14,1698
36.4,28.4,GREECE,7.2,4,,1609
40.817,14.433,ITALY,,5,17,1813
40.5,15.5,ITALY,,10,20,1562
38.11,22.41,GREECE,7,6,,1402
36.404,25.396,GREECE,,,,1050
40.7,27.4,TURKEY,6.6,8,11,1265
45.4,12.3,ITALY,,,,1321
37.7,22.8,ITALY,7,10,22,1756
40.8,14.4,ITALY,,,,1594
43.5,10.2,ITALY,,1,16,1742
44.75,10.4,ITALY,,12,9,1818
35.5,25.5,GREECE,,,,1601
37.133,15.017,ITALY,7.4,1,11,1693
37.6,15.133,ITALY,6,2,20,1818
44.8,7.2,ITALY,,7,3,1809
37.5,13,ITALY,,1,14,1817
40.8,15.6,ITALY,,9,8,1694
45.3,14.4,CROATIA,,1,4,1802
44.833,7.25,ITALY,5.7,4,2,1808
37.5,13,ITALY,5.2,7,4,1727
44.4,8.917,ITALY,3.2,7,2,1703
38.817,15.233,ITALY,5.1,7,3,1916
38.183,15.55,ITALY,5,1,,1649
43.55,10.317,ITALY,5.2,4,5,1646
37.734,15.004,ITALY,,6,28,1329
40.77,29.92,TURKEY,7.2,,,120
38,15,ITALY,,,,177
40.821,14.426,ITALY,,12,17,1631
43.8,9,ITALY,,11,21,1751
36.5,2.9,ALGERIA,,11,7,1802
41.7,12.7,ITALY,,8,26,1806
39,20.3,ITALY,6.9,2,20,1743
51.307,-179.971,USA,6.7,8,2,2007
47.116,141.798,RUSSIA,6.2,8,2,2007
-3.252,142.238,PAPUA NEW GUINEA,6.1,2,22,1951
-3.7,128.4,INDONESIA,,4,11,1815
37.57,138.478,JAPAN,6.6,7,16,2007
38.167,15.633,ITALY,4.1,1,19,1784
38.317,16.4,ITALY,4.1,1,7,1784
35.5,25.5,GREECE,7.2,7,1,1494
43,47.1,RUSSIA,6.5,5,14,1970
17.3,96.5,MYANMAR (BURMA),7.3,5,5,1930
43.917,8.033,ITALY,5.6,2,23,1818
35.7,-0.6,ALGERIA,,10,9,1790
38.783,16.467,ITALY,6.9,3,28,1783
38.767,16.3,ITALY,5.9,3,1,1783
40.821,14.426,ITALY,,8,24,79
41.3,14.7,ITALY,,12,4,1456
40.8,14.2,ITALY,,9,26,1538
44.017,7.283,FRANCE,5.8,7,20,1564
38.117,14.783,ITALY,5.6,8,25,1613
44.6,11.8,ITALY,,3,19,1624
41.733,15.35,ITALY,6.7,7,30,1627
38.1,20.3,GREECE,7.2,9,30,1636
39.033,16.283,ITALY,7,3,27,1638
43.933,12.583,ITALY,5.6,4,14,1672
42.467,13.2,ITALY,6.7,2,2,1703
38.117,13.35,ITALY,5.8,9,1,1726
46,12.25,CROATIA,,12,17,1750
38.9,17.1,ITALY,,2,5,1783
-45.285,-72.606,CHILE,6.2,4,21,2007
36.8,3,ALGERIA,,1,2,1365
-13.386,-76.603,PERU,8,8,15,2007
40.8,28.3,TURKEY,7.5,10,18,1343
38,15,ITALY,,,,1172
38.217,15.633,ITALY,5.9,2,6,1783
37.75,21.25,GREECE,6.9,12,29,1820
36,36,TURKEY,7.1,8,13,1822
43.4,10.6,ITALY,6.1,8,14,1846
18.5,-105.5,MEXICO,7,11,30,1934
23.8,121.7,TAIWAN,7.3,10,22,1951
10.6,-67.3,VENEZUELA,6.5,7,29,1967
41.8,32.3,TURKEY,6.6,9,3,1968
13.4,122.8,PHILIPPINES,7.5,3,17,1973
-4.438,101.367,INDONESIA,8.4,9,12,2007
-49.418,163.954,NEW ZEALAND,7.4,9,30,2007
-22.247,-69.89,CHILE,7.7,11,14,2007
57.5,-153.9,USA,6,3,11,1970
21.85,95.967,MYANMAR (BURMA),,8,4,1714
-16,179,FIJI,,1,,1884
37.05,12.3,ITALY,,7,2,1831
43.8,13,ITALY,,3,18,1826
38.3,14.8,ITALY,,3,5,1823
37.45,14.25,ITALY,,4,10,1822
44.8,9.2,ITALY,,10,9,1828
45.3,14.5,CROATIA,,8,10,1838
-10.52,-138.67,FRENCH POLYNESIA,,9,13,1999
43.5,10.5,ITALY,,8,26,1846
39.6,16.6,ITALY,,4,24,1836
43.7,8,ITALY,,1,8,1819
36.4,13.44,ITALY,,6,18,1845
39,17,ITALY,,3,8,1832
43.3,10.7,ITALY,,12,3,1846
59.4,13.5,SWEDEN,,4,12,1969
49.475,-121.847,CANADA,,12,4,2007
43.8,7.8,ITALY,,5,26,1831
37.1,5.7,ALGERIA,,8,21,1856
43.75,10.3,ITALY,4.1,7,28,1851
36.2,23.2,GREECE,,,,800
36.5,28,GREECE,,3,22,1863
43.7,8.1,ITALY,,2,23,1887
38.4,22.4,GREECE,7.2,5,,552
43.03,16.15,CROATIA,,7,29,1870
38.25,22.25,GREECE,,1,1,1862
35.6,24,GREECE,,2,10,1681
38.4,21.4,GREECE,,12,15,1881
40.8,29.2,TURKEY,7.5,10,26,986
40.6,30,TURKEY,7.2,9,2,1754
40,26,TURKEY,6.8,8,21,1859
37.9,22.9,GREECE,6.5,2,21,1858
42.05,15.5,ITALY,,12,8,1889
39.66,22.83,GREECE,6.3,1,20,1905
38.39,20.52,GREECE,7.4,2,4,1867
37.27,14.68,ITALY,,4,26,1880
45.7,10.7,ITALY,,5,22,1868
38.3,22.3,GREECE,5.5,6,11,1794
38.12,20.67,GREECE,6.8,1,24,1912
37.5,23.2,GREECE,5.6,8,8,1922
41.3,19.5,GREECE,,3,,1270
36.5,23.3,GREECE,7.2,8,30,1926
44.2,12.4,ITALY,,3,18,1875
37.6,22.5,GREECE,7,6,2,1898
38.2,22.1,GREECE,6.1,9,9,1888
38.8,26.7,GREECE,,11,24,1772
40,26.1,GREECE,,11,28,1437
38.6,23.3,GREECE,,,,-226
41,27.8,GREECE,7.4,2,17,1659
40.54,13,ITALY,,11,15,1892
41,28.1,TURKEY,,10,20,1343
38.789,15.213,ITALY,,2,,1954
38.4,20.6,GREECE,6.6,1,27,1915
38.4,12.2,GREECE,6.5,,,1769
40.821,14.426,ITALY,,4,4,1906
43.8,7.9,FRANCE,,12,29,1854
41.4,19.4,ALBANIA,6.8,,,346
41.9,12.45,ITALY,,,,258
41,28.6,TURKEY,6.9,3,11,1231
37.3,9.9,TUNISIA,,,,1905
38.809,22.784,GREECE,,10,,-223
37.9,23.5,GREECE,,9,29,-480
40.5,29.6,TURKEY,6.4,,,368
38.2,26.2,GREECE,,4,11,1881
36.5,1.3,ALGERIA,,5,23,1857
37.1,5.7,ALGERIA,,8,22,1856
37.6,15.133,ITALY,,9,5,1868
33.901,139.376,JAPAN,6.5,7,30,2000
43.2,146.6,RUSSIA,6.6,6,26,1973
-20.071,168.892,NEW CALEDONIA,7.3,4,9,2008
36.404,25.396,GREECE,,,,-198
39.28,16.28,ITALY,,10,28,1870
43.5,10.2,ITALY,,1,15,1914
38.1,13.4,ITALY,,5,13,1903
43.7,8.1,ITALY,,10,16,1896
41.7,12.2,ITALY,,11,1,1895
38.2,20,GREECE,,2,9,1949
38.5,14.7,ITALY,,1,27,1939
38,23.5,GREECE,5,4,24,1928
38.067,13.467,ITALY,5.1,1,15,1940
38.3,12.2,ITALY,,3,16,1941
36.8,25.5,GREECE,6.8,7,9,1956
39.8,25,GREECE,4.5,5,28,1962
-2.486,99.972,INDONESIA,6.5,2,25,2008
34.319,139.26,JAPAN,6.1,7,15,2000
23.901,121.574,TAIWAN,7.8,11,14,1986
39.4,23.1,GREECE,6.2,4,19,1955
36.283,1.467,ALGERIA,6.7,9,9,1954
35,32.5,CYPRUS,6.5,9,10,1953
38.3,20.8,GREECE,7.2,8,12,1953
13,-87.5,NICARAGUA,6,8,3,1951
38.567,14.833,ITALY,5.3,8,17,1926
40.9,20.8,ALBANIA,6.7,2,18,1911
38.133,16.017,ITALY,5.9,10,23,1907
38.67,16.07,ITALY,7.1,9,8,1905
38.3,15.9,ITALY,,11,16,1894
36.5,1.8,ALGERIA,,1,15,1891
38.2,26.2,GREECE,6.5,4,3,1881
38.5,22.5,GREECE,7,8,1,1870
46,8.7,ITALY,,3,15,1867
38,15,ITALY,,7,22,963
35.8,129.2,SOUTH KOREA,6.3,,,123
70.25,-52.75,GREENLAND,,11,21,2000
3.138,125.491,INDONESIA,,4,3,1919
48.958,-62.133,CANADA,,9,11,1908
48.958,-62.133,CANADA,,5,,1914
51.03,1.61,UK,,6,5,1858
26.9,103,CHINA,5.5,8,14,1918
27.8,111.6,CHINA,5.5,4,16,1710
30.7,117.5,CHINA,4.8,1,,1531
31.5,105,CHINA,6.2,2,7,1958
26.6,101.8,CHINA,6.8,9,23,1955
26.7,100,CHINA,6.3,12,21,1951
28.7,103.6,CHINA,6,12,18,1935
32.2,119.4,CHINA,5.5,1,3,1930
29.2,108.1,CHINA,4.8,,,1855
37.552,142.214,JAPAN,6.9,7,19,2008
30.7,115.1,CHINA,5.5,3,,1634
38.7,-9.2,PORTUGAL,,12,26,1764
43.3,5.366,FRANCE,,6,23,1812
40.13,124.38,CHINA,,8,4,1921
36.7,104.9,CHINA,7.8,12,16,1920
6.5,0.3,GHANA,5,11,20,1906
39.5,53.7,TURKMENISTAN,8.2,7,8,1895
36.6,54.6,IRAN,7.2,7,11,1890
38.5,119,CHINA,7.5,6,13,1888
7,0.4,GHANA,6.5,7,10,1862
25.2,103,CHINA,8,9,6,1833
23.6,120.5,TAIWAN,6,8,9,1792
36.4,50.5,IRAN,7.6,4,20,1608
25,119.5,CHINA,8,12,29,1604
36.2,36.1,TURKEY,,12,20,1408
35,37,SYRIA,,,,1402
62.27,7.4,NORWAY,,4,7,1934
61.866,6.85,NORWAY,,1,16,1905
61.87,6.851,NORWAY,,9,13,1936
27.665,52.348,IRAN,6.5,4,11,1008
-4.5,11.6,CONGO,6.2,,,1820
23,120.2,TAIWAN,,,,1721
-28.5,13.2,SOUTH AFRICA,,8,20,2008
43.8,-69.7,USA,,10,28,2008
-4.05,39.667,KENYA,,11,5,1930
-1.408,29.2,CONGO,,1,28,1938
29,33,EGYPT,5.9,7,11,1879
-19.941,168.953,VANUATU,6.4,4,28,2008
27.7,34,EGYPT,7,3,31,1969
36.939,3.578,ALGERIA,5.7,5,27,2003
-12,-77,PERU,,2,4,1878
15.7,39.6,ERITREA,6.2,7,20,1884
21.799,120.547,CHINA,7,12,26,2006
4.9,31.7,SUDAN,,1,6,1857
35.5,25,GREECE,,2,16,1810
36,-3,SPAIN,,2,16,1930
-11.61,165.762,SOLOMON ISLANDS,7.2,9,2,2007
-25.996,-177.514,KERMADEC ISLANDS,7.8,12,9,2007
41.892,143.754,JAPAN,6.8,9,11,2008
6.9,0.6,TOGO,,5,19,1933
31.002,103.322,CHINA,7.9,5,12,2008
52.18,-175.5,USA,,8,8,2008
1.271,122.091,INDONESIA,7.3,11,16,2008
41,29.5,GREECE,,8,15,555
37.1,27.7,GREECE,7,,,558
39.6,29.1,GREECE,6.2,5,2,1928
36.5,28.7,GREECE,7.2,2,28,1851
43.967,12.667,ITALY,5.9,8,16,1916
-16.6,-71.6,PERU,8.2,1,22,1582
-5.3,-80.5,PERU,,7,9,1587
-12.3,-77.6,PERU,7.7,11,13,1655
37.333,15.167,ITALY,6,1,9,1693
42.1,24.8,BULGARIA,,10,,1750
-16.5,-72,PERU,8,5,13,1784
16,119.5,PHILIPPINES,,11,5,1796
42,42,GEORGIA,7.5,10,21,1905
37.417,-18.983,ATLANTIC OCEAN,8.3,11,25,1941
36,25,GREECE,7,3,9,1629
-0.414,132.885,INDONESIA,7.6,1,3,2009
-0.691,133.305,INDONESIA,7.3,1,3,2009
38.583,16.2,ITALY,6.6,2,7,1783
46.857,155.154,RUSSIA,7.4,1,15,2009
3.884,126.397,INDONESIA,7.2,2,11,2009
41.3,19.5,ALBANIA,6.6,,,-58
43,41,GEORGIA,5.5,,,-50
43.4,28.5,BULGARIA,7.2,3,31,1901
43.5,28.5,BULGARIA,,,,-50
17,73.2,INDIA,,,,1524
44.08,8,ITALY,4.6,4,18,1968
38.25,15.717,ITALY,,3,24,1783
36.97,-2.66,SPAIN,,9,22,1522
69.433,20.15,NORWAY,,,,1810
43,29,BULGARIA,,5,7,2007
61.183,5.267,NORWAY,,3,19,1998
59,3,NORWAY,5.1,1,24,1927
44,34,UKRAINE,6.5,5,31,1908
37,-10,PORTUGAL,,11,2,1755
58.667,6.167,NORWAY,,5,7,1867
37,-10,PORTUGAL,,12,21,1755
69.817,20.917,NORWAY,,5,7,1959
38.789,15.213,ITALY,,8,20,1944
62.767,7.9,NORWAY,,2,,1756
63.317,9.85,NORWAY,,5,2,1930
62.083,7.117,NORWAY,,4,14,1880
65.117,12.333,NORWAY,,10,6,1979
62.333,6.967,NORWAY,,1,8,1731
44,33,UKRAINE,,12,26,1919
63.433,10.383,NORWAY,,10,8,1950
65.883,13.167,NORWAY,,8,31,1940
61.233,7.717,NORWAY,,8,18,1983
62.333,6.967,NORWAY,,3,,1938
36.5,-3.6,SPAIN,,10,9,1680
36,-8,SPAIN,,6,10,881
64.883,12.417,NORWAY,,1,9,1952
59.6,10.633,NORWAY,,5,8,1966
62.2,6.65,NORWAY,,2,21,1987
40.85,14.25,ITALY,,6,20,1112
61.267,6.583,NORWAY,,4,28,1994
36.833,-2.833,SPAIN,,1,13,1804
54,1.067,UK,6,6,7,1931
6.9,125.8,PHILIPPINES,,6,21,1893
43.667,13.267,ITALY,5.9,10,30,1930
37.053,-24.427,PORTUGAL,6.5,5,8,1939
38.727,-27.75,PORTUGAL,6.9,1,1,1980
-23.046,-174.659,TONGA,7.6,3,19,2009
36.37,-6.98,SPAIN,4.4,8,14,1978
36,-10.5,PORTUGAL,,,,-210
36,-10,PORTUGAL,6.7,,,-60
36,-10.83,PORTUGAL,,,,382
40.4,28.4,TURKEY,7,1,26,450
40.75,29,TURKEY,6.1,9,18,1963
-15.95,-5.7,UK TERRITORY,,5,,1821
63.433,10.383,NORWAY,,4,23,1888
38.789,15.213,ITALY,,9,11,1930
36.1,36.1,TURKEY,7.5,12,13,115
-13.006,166.51,VANUATU,7.6,10,7,2009
16.72,-86.236,HONDURAS,7.3,5,28,2009
-0.72,99.867,INDONESIA,7.5,9,30,2009
-1.479,99.49,INDONESIA,6.7,8,16,2009
14.099,92.888,INDIA,7.5,8,10,2009
34.743,138.264,JAPAN,6.4,8,10,2009
32,35.5,ISRAEL,6.3,7,11,1927
-45.762,166.562,NEW ZEALAND,7.8,7,15,2009
4.633,95.567,INDONESIA,,11,9,1929
-15.489,-172.095,SAMOA,8.1,9,29,2009
-21,-159,COOK ISLANDS,,3,7,1909
-8.743,157.477,SOLOMON ISLANDS,6.6,1,3,2010
-8.799,157.346,SOLOMON ISLANDS,7.1,1,3,2010
31.675,35.551,JORDAN,5.3,2,11,2004
-9.019,157.551,SOLOMON ISLANDS,6.8,1,5,2010
-45.78,166.48,NEW ZEALAND,,,,1826
18.457,-72.533,HAITI,7,1,12,2010
-36.122,-72.898,CHILE,8.8,2,27,2010
18.2,-72.53,HAITI,,5,19,1864
2.383,97.048,INDONESIA,7.8,4,6,2010
-8.54,123.59,INDONESIA,,8,17,1983
-34.29,-71.891,CHILE,6.9,3,11,2010
25.93,128.425,JAPAN,7,2,26,2010
-9.282,-77.645,PERU,,4,13,2010
-17.7,168.3,VANUATU,,11,24,1905
50.363,-4.142,UK,,7,17,1793
16.708,145.97,USA TERRITORY,,5,29,2010
-40.85,145.32,AUSTRALIA,,11,22,1859
-43.3,148.9,AUSTRALIA,,1,21,1836
-17.7,168.3,VANUATU,,11,22,1905
14,-91,GUATEMALA,,9,27,1902
24.6,-107.9,MEXICO,,8,16,1902
15.775,-61.744,GUADELOUPE (FRENCH TERRITORY),5.8,2,14,2005
-12.4,130.7,AUSTRALIA,,1,29,1899
-14,166.5,VANUATU,7.2,11,10,1910
14.71,-91.59,GUATEMALA,6.3,1,18,1902
14,-91,GUATEMALA,7.5,4,19,1902
7.881,91.936,INDIA,7.5,6,12,2010
64,-165,USA,,11,5,1910
-5,151,PAPUA NEW GUINEA,,12,12,1933
46.73,7.97,SWITZERLAND,,4,24,1996
11,-86.5,NICARAGUA,7,10,8,1901
26,91,INDIA,8.7,6,12,1897
-54,-71,CHILE,7.8,12,17,1949
23,71,INDIA,,11,,-326
-15.5,167.2,VANUATU,,7,8,1909
-17.541,168.069,VANUATU,7.2,8,10,2010
10.46,79.53,INDIA,,,,900
22,89,BANGLADESH,,5,,1874
-0.5,166.9,NAURU,,2,25,1936
12.484,141.476,USA TERRITORY,6.9,8,13,2010
36.2,-7.17,SPAIN,,,,-216
-34.5,-57.9,URUGUAY,,6,5,1888
-3.487,100.082,INDONESIA,7.8,10,25,2010
26.901,143.698,JAPAN,7.4,12,21,2010
44.4,-67.97,USA,,1,4,1994
37.07,15.3,ITALY,6.6,12,10,1542
-19.702,167.947,VANUATU,7.3,12,25,2010
-43.583,172.68,NEW ZEALAND,6.1,2,21,2011
-36.474,-73.125,CHILE,6.8,2,11,2011
-21,-70,CHILE,6.8,8,21,1869
18.2,-94.5,MEXICO,,2,7,1871
38.435,142.842,JAPAN,7.5,3,9,2011
-11.8,-77.8,PERU,8.4,3,17,1584
38.297,142.372,JAPAN,9.1,3,11,2011
48.7,-2,FRANCE,,9,7,1871
27.07,142.21,JAPAN,,,,1872
38.209,23.288,GREECE,6.4,3,4,1981
13.1,-87.6,HONDURAS,,4,10,1997
36,28,GREECE,,10,3,1481
37.7,141.7,JAPAN,7.6,6,9,1646
35.1,138.75,JAPAN,,10,7,1899
-19.157,168.311,VANUATU,6.5,1,9,2011
40.4,139,JAPAN,6.6,5,7,1964
38.034,143.264,JAPAN,7,7,10,2011
52.05,-171.836,USA,7.3,6,24,2011
32.5,134.5,JAPAN,7,12,3,1855
32.536,141.641,JAPAN,6.3,8,11,1992
23.959,122.448,TAIWAN,6.5,5,24,1994
-29.539,-176.34,NEW ZEALAND,7.6,7,6,2011
33.4,134.7,JAPAN,6.9,2,27,1671
36.2,142.2,JAPAN,7.6,11,10,1730
50.5,-3,UK,,6,27,2011
59.05,6.64,NORWAY,,8,6,2011
38.276,141.588,JAPAN,7.1,4,7,2011
59.05,6.64,NORWAY,,7,30,2011
-18.311,168.218,VANUATU,7,8,20,2011
-18.365,168.143,VANUATU,7.1,8,20,2011
52.171,-171.708,USA,6.8,9,2,2011
14.944,-61.274,MARTINIQUE (FRENCH TERRITORY),7.4,11,29,2007
9.755,124.694,PHILIPPINES,6.6,2,8,1990
-28.993,-176.238,NEW ZEALAND,7.4,10,21,2011
16.493,-98.231,MEXICO,7.4,3,20,2012
40.887,144.944,JAPAN,6.9,3,14,2012
13.049,-88.66,EL SALVADOR,7.7,1,13,2001
2.327,93.063,INDONESIA,8.6,4,11,2012
0.802,92.463,INDONESIA,8.2,4,11,2012
-18.972,168.741,VANUATU,6.3,4,14,2012
27.07,142.21,JAPAN,,1,,1826
-21.955,-157.92,COOK ISLANDS,,4,13,2010
-17.827,167.133,VANUATU,7,2,2,2012
6,122,PHILIPPINES,8.6,9,20,1897
-6.5,105.5,INDONESIA,6.5,1,9,1852
12,126,PHILIPPINES,8.1,10,18,1897
54,-132.25,CANADA,,3,28,1963
1.82,127.85,INDONESIA,,1,10,1900
12.139,-88.59,EL SALVADOR,7.3,8,27,2012
10.811,126.638,PHILIPPINES,7.6,8,31,2012
10.085,-85.315,COSTA RICA,7.6,9,5,2012
12.33,-88.291,NICARAGUA,6.6,6,29,1919
69.2,-51.3,GREENLAND,,7,15,2012
-6.004,106.781,INDONESIA,,5,20,1883
13.25,-88.83,EL SALVADOR,,5,25,1906
13.988,-91.895,GUATEMALA,7.3,11,7,2012
31.256,110.733,CHINA,,12,28,2012
37.89,143.949,JAPAN,7.2,12,7,2012
52.788,-132.101,CANADA,7.7,10,28,2012
-41.755,-72.396,CHILE,,2,19,1965
55.393,-134.652,USA,7.5,1,5,2013
-10.38,165.8,SOLOMON ISLANDS,,,,1966
-10.928,166.018,SOLOMON ISLANDS,7,2,8,2013
26.2,127.6,JAPAN,,10,3,1853
-10.766,165.114,SOLOMON ISLANDS,7.9,2,6,2013
46.221,150.788,RUSSIA,7.2,4,19,2013
38.789,15.213,ITALY,,2,4,1879
-5.358,147.12,PAPUA NEW GUINEA,,,,1660
-17.2,-72.3,PERU,8.7,,,1513
-18.6,-71,CHILE,8.5,8,14,1868
-33.05,-71.617,CHILE,,,,1765
-41.704,174.337,NEW ZEALAND,6.5,7,21,2013
3.88,-77.08,COLOMBIA,,10,11,1877
16.86,-99.88,MEXICO,6.5,8,9,1837
19,-113,MEXICO,,1,,1905
35.6,139.7,JAPAN,,9,,1856
14.583,-106.1,MEXICO,,5,4,1925
17,-104,MEXICO,,9,6,1927
39.64,141.96,JAPAN,,5,13,1088
19.45,-99.15,MEXICO,7,10,18,1837
34.6,137.6,JAPAN,,9,28,1680
-46.676,164.721,NEW ZEALAND,7.1,11,22,2004
-41.731,174.027,NEW ZEALAND,6.5,8,16,2013
25.18,62.26,PAKISTAN,,9,24,2013
-39.2,177.6,NEW ZEALAND,5.5,2,11,1855
-40.2,173,NEW ZEALAND,7.6,10,18,1868
-38.85,178.85,NEW ZEALAND,7,9,8,1880
-38.8,176,NEW ZEALAND,6,8,18,1895
-28.886,-176.819,NEW ZEALAND,6.6,6,18,1993
37.2,144.6,JAPAN,7.1,10,25,2013
-36.836,175.692,NEW ZEALAND,,7,28,1840
-43.08,172.97,NEW ZEALAND,,10,10,1978
-38.37,178.31,NEW ZEALAND,,,,1926
-42.719,170.961,NEW ZEALAND,,3,2,1869
-41.93,174.09,NEW ZEALAND,,2,3,1855
-45.46,167.15,NEW ZEALAND,,5,20,1987
-41.32,175.84,NEW ZEALAND,,4,13,1882
-37.61,178.35,NEW ZEALAND,,8,,1840
-44.7,169.2,NEW ZEALAND,,11,4,2002
-43.69,172.9,NEW ZEALAND,,6,29,1881
-41.29,174.78,NEW ZEALAND,,4,6,1870
-46.627,169.126,NEW ZEALAND,,,,1839
-42.45,171.21,NEW ZEALAND,,4,27,1879
-41.75,171.58,NEW ZEALAND,,3,,1871
-43.51,172.73,NEW ZEALAND,,9,16,1891
-60.274,-46.401,ANTARCTICA,7.7,11,17,2013
-11.116,-76.5,PERU,,3,19,1971
-42.72,170.96,NEW ZEALAND,,8,,1871
-38.96,175.73,NEW ZEALAND,,5,7,1846
-37.8,178.2,NEW ZEALAND,,10,6,1914
-45.09,170.98,NEW ZEALAND,,3,31,1869
-38.9,175.8,NEW ZEALAND,5.3,3,2,1956
-39.05,174.07,NEW ZEALAND,,1,4,1869
-43.957,168.616,NEW ZEALAND,,12,,1886
-39.12,177.2,NEW ZEALAND,,8,25,1904
-38.02,178.33,NEW ZEALAND,,12,1,1877
-38.7,178,NEW ZEALAND,,,,1831
-19.965,-70.814,CHILE,6.7,3,16,2014
-6.755,155.024,PAPUA NEW GUINEA,7.5,4,19,2014
-19,168.5,VANUATU,,8,,1878
46.8,8.5,SWITZERLAND,6.2,9,8,1601
-5,148,PAPUA NEW GUINEA,,10,19,1899
-11.463,162.051,SOLOMON ISLANDS,7.4,4,13,2014
17.397,-100.972,MEXICO,7.2,4,18,2014
32.1,139.85,JAPAN,,3,25,1953
-20.571,-70.493,CHILE,7.7,4,3,2014
-11.27,162.148,SOLOMON ISLANDS,7.6,4,12,2014
-19.61,-70.769,CHILE,8.2,4,1,2014
51.849,178.735,USA,7.9,6,23,2014
-29.977,-177.725,NEW ZEALAND,6.9,6,23,2014
54,-128.7,CANADA,,10,17,1974
46.267,12.329,ITALY,,10,9,1963
9.2,-82.8,PANAMA,7.2,12,20,1904
37.005,142.453,JAPAN,6.5,7,11,2014
-10.777,113.366,INDONESIA,6.5,6,4,1994
58.306,-136.96,USA,6.1,7,25,2014
-32.108,-110.811,CHILE,7,10,9,2014
1.893,126.522,INDONESIA,7.1,11,15,2014
39.856,142.881,JAPAN,6.7,2,16,2015
-4.729,152.562,PAPUA NEW GUINEA,7.5,3,29,2015
6.5,-83,PANAMA,,4,30,1950
-16.431,168.148,VANUATU,6.4,2,19,2015
31.529,140.213,JAPAN,5.7,5,2,2015
-5.462,151.875,PAPUA NEW GUINEA,7.5,5,5,2015
38.4,22.3,GREECE,,7,7,551
10.7,-61.7,TRINIDAD AND TOBAGO,,,,1795
-9.307,158.403,SOLOMON ISLANDS,6.7,7,10,2015
-10.401,165.141,SOLOMON ISLANDS,7,7,18,2015
9.85,-84.68,COSTA RICA,6.8,1,20,1905
52.214,-169.399,USA,6.9,7,27,2015
-31.573,-71.674,CHILE,8.3,9,16,2015
60.08,-141.3,USA,,10,18,2015
31.001,128.873,JAPAN,6.7,11,13,2015
38.67,20.6,GREECE,6.5,11,17,2015
-29.46,-72.12,CHILE,6.9,11,11,2015
-4.952,94.33,INDONESIA,7.8,3,2,2016
0.35,-80.16,ECUADOR,7.8,4,16,2016
-14.385,-178.252,WALLIS AND FUTUNA (FRENCH TERRITORY),6.4,3,12,1993
25,121.5,TAIWAN,5.5,4,,1694
-16.043,167.379,VANUATU,7,4,28,2016
-29.06,167.95,AUSTRALIA,,5,8,1805
-55.285,-31.877,UK TERRITORY,7.4,8,19,2016
-22.477,173.117,NEW CALEDONIA,7.2,8,12,2016
12.526,-88.123,EL SALVADOR,7.3,10,14,2014
52.63,-132.2,CANADA,6.1,10,12,2001
-42.737,173.054,NEW ZEALAND,7.8,11,13,2016
-19.75,-175.07,TONGA,,8,30,1892
-37.359,179.146,NEW ZEALAND,7,9,1,2016
58.204,-134.147,USA,,8,16,1917
51.44,3.57,NETHERLANDS,,8,1,1837
17.6,-76.7,JAMAICA,,2,16,1896
-34.917,-56.167,URUGUAY,,5,10,1892
18.5,-69.95,DOMINICAN REPUBLIC,,12,29,1897
-10.38,165.8,SOLOMON ISLANDS,,3,26,1897
-43.6,172.8,NEW ZEALAND,,4,29,1897
25.4,-108.95,MEXICO,,5,10,1894
11.96,-88.835,NICARAGUA,6.9,11,24,2016
-4.505,153.522,PAPUA NEW GUINEA,7.9,12,17,2016
-10.681,161.327,SOLOMON ISLANDS,7.8,12,8,2016
-18,-71,CHILE,,5,31,1895
10.6,-71.6,VENEZUELA,,8,19,1919
-18.5,-70.35,CHILE,,3,27,1892
43.3,17.1,CROATIA,6.1,1,11,1962
-10.749,161.132,SOLOMON ISLANDS,6.9,12,9,2016
-43.688,172.9,NEW ZEALAND,,7,9,1895
37.393,141.387,JAPAN,6.9,11,21,2016
-33.8,151.3,AUSTRALIA,,9,23,1880
16.72,-62.18,MONTSERRAT,,,,1897
59.621,-151.106,USA,,10,,1967
21.898,121.498,TAIWAN,6.8,9,5,1996
-6.246,155.172,PAPUA NEW GUINEA,7.9,1,22,2017
-43.517,-74.391,CHILE,7.6,12,25,2016
19.133,-155.505,USA,,11,14,1883
-19.373,176.052,FIJI,6.9,1,3,2017
27.835,51.94,IRAN,,3,19,2017
24,121,TAIWAN,,4,,1781
5.504,125.066,PHILIPPINES,6.9,4,28,2017
59.852,-136.677,USA,6.2,5,1,2017
-33.038,-72.062,CHILE,6.9,4,24,2017
8.705,-83.88,COSTA RICA,,3,16,1579
71.813,-52.569,GREENLAND,,6,17,2017
64.98,-66.2,CANADA,,10,20,1903
54.443,168.857,RUSSIA,7.7,7,17,2017
36.929,27.414,TURKEY,6.6,7,20,2017
-18.251,-71.01,PERU,7.7,9,18,1833
11,-74.3,COLOMBIA,,7,19,2017
38.93,26.365,GREECE,6.3,6,12,2017
47.4,-70.5,CANADA,,10,20,1870
-18.672,178.464,FIJI,4.9,12,16,1975
37.2,121.8,CHINA,6,5,23,1948
-21.648,168.859,NEW CALEDONIA,6.6,11,1,2017
-18.25,167.5,VANUATU,7.8,12,2,1950
-21.697,169.149,NEW CALEDONIA,6.7,10,31,2017
11.2,-84.8,NICARAGUA,7.4,5,,1844
14.761,-94.103,MEXICO,8.2,9,8,2017
45.77,-75.6,CANADA,,4,6,1908
48.06,-122.36,USA,,,,1820
17.474,-83.519,HONDURAS,7.5,1,10,2018
56.046,-149.073,USA,7.9,1,23,2018
-21.325,168.672,NEW CALEDONIA,7,11,19,2017
7.4,-78.1,PANAMA,6.7,7,11,1976
-30,-179,KERMADEC ISLANDS,,12,8,2017
7.1,-80.6,PANAMA,6.7,10,2,1913
-3.608,144.588,PAPUA NEW GUINEA,,2,9,2018
69.8,20.92,NORWAY,,5,10,2015
43.5,-78,USA,,6,13,1872
-15.776,-74.744,PERU,7.1,1,14,2018
46.33,6.97,SWITZERLAND,5.9,3,11,1584
19.37,-155.032,USA,6.9,5,4,2018
10.8,108.3,VIETNAM,,9,,1877
10.8,108.1,VIETNAM,,7,,1882
-8.287,116.452,INDONESIA,6.9,8,5,2018
45.22,36.72,RUSSIA,,,,1994
46.32,30.67,UKRAINE,,6,27,2014
45.12,36.7,RUSSIA,,,,2000
37.506,20.563,GREECE,6.8,10,25,2018
-18.178,-178.111,FIJI,8.2,8,19,2018
10.855,-62.883,VENEZUELA,7.3,8,21,2018
-22.066,170.05,NEW CALEDONIA,7.1,8,29,2018
-0.178,119.84,INDONESIA,7.5,9,28,2018
-21.969,169.446,NEW CALEDONIA,7.5,12,5,2018
12.3,-61.63,GRENADA,,7,24,1939
14.602,-61.065,MARTINIQUE (FRENCH TERRITORY),,6,6,1902
12.3,-61.63,GRENADA,,10,24,1965
14.553,-61.009,MARTINIQUE (FRENCH TERRITORY),,7,8,1902
-6.102,105.423,INDONESIA,,12,22,2018
36.957,49.409,IRAN,7.3,6,20,1990
31.065,109.92,CHINA,,11,23,2008
26,-111.35,MEXICO,7.4,8,27,1810
31.077,109.896,CHINA,,6,24,2015
-19.125,169.613,VANUATU,6.7,3,9,2012
38.646,139.472,JAPAN,6.4,6,18,2019
34.164,25.471,GREECE,6.4,7,1,2009
-4.051,152.597,PAPUA NEW GUINEA,7.6,5,14,2019
-21.7,168,NEW CALEDONIA,,3,12,1997
-20.5,165,NEW CALEDONIA,,,,1936
-20.6,165,NEW CALEDONIA,,5,,1942
-30.056,-72.082,CHILE,6.4,6,14,2019
-30.805,-178.095,NEW ZEALAND,7.2,6,15,2019
38.789,15.213,ITALY,,8,28,2019
36.45,28.2,GREECE,,3,24,2002
-20.244,168.226,NEW CALEDONIA,6.8,5,10,2011
-8.899,158.422,SOLOMON ISLANDS,6.8,11,18,2015
-21.638,168.673,NEW CALEDONIA,6.3,11,19,2017
-21.503,168.598,NEW CALEDONIA,6.6,11,19,2017
-21.743,169.522,NEW CALEDONIA,6.5,10,16,2018
50.56,131.47,RUSSIA,,12,11,2018
21.4,108,VIETNAM,,,,1978
19,106,VIETNAM,,,,1899
10.158,109.014,VIETNAM,6.1,,,1923
40,3.83,SPAIN,,6,15,2006
-9,-139,FRENCH POLYNESIA,,,,1806
1.6,126.416,INDONESIA,7.1,11,14,2019
-7.782,107.297,INDONESIA,7,9,2,2009
17.916,-66.813,USA TERRITORY,6.4,1,7,2020
41.8,-112.7,USA,,10,6,1909
26.755,86.616,BANGLADESH,6.6,8,20,1988
70.3,-53,GREENLAND,,,,1952
65.02,-16.7,ICELAND,,7,21,2014
19.44,-78.755,CUBA,7.7,1,28,2020
40.394,143.68,JAPAN,6,8,20,2016
39.027,143.441,JAPAN,6.2,5,30,1998
48.986,157.693,RUSSIA,7.5,3,25,2020
40.2,24.5,GREECE,7,6,28,1585
40.092,24.627,GREECE,7.2,11,8,1905
34.205,25.712,GREECE,6.6,5,2,2020
-8.058,114.242,INDONESIA,,5,29,2020
55.03,-158.522,USA,7.8,7,22,2020
-33.294,-177.838,NEW ZEALAND,7.4,6,18,2020
18.081,-102.182,MEXICO,6,4,22,2013
-7.8,110.4,INDONESIA,,6,10,1867
16.029,-95.901,MEXICO,7.4,6,23,2020
